Match ID,Home,Away,Team Scored,Player,Time of Goal,Own Goal
101,Manchester United,Swansea,Swansea,Ki Sung-Yong,28,
101,Manchester United,Swansea,Manchester United,Rooney W.,53,
101,Manchester United,Swansea,Swansea,Sigurdsson G.,72,
102,West Ham,Tottenham,Tottenham,Dier E.,90+3,
103,West Brom,Sunderland,Sunderland,Cattermole L.,5,
103,West Brom,Sunderland,West Brom,Berahino S.,42,
103,West Brom,Sunderland,West Brom,Berahino S.,74,
103,West Brom,Sunderland,Sunderland,Larsson S.,85,
104,Stoke City,Aston Villa,Aston Villa,Weimann A.,50,
105,QPR,Hull City,Hull City,Chester J.,52,
106,Leicester,Everton,Everton,Mcgeady A. ,20,
106,Leicester,Everton,Leicester,Ulloa L.,22,
106,Leicester,Everton,Everton,Naismith S.,45,
106,Leicester,Everton,Leicester,Wood Ch.,86,
107,Arsenal,Crystal Palace,Crystal Palace,Hangeland B.,35,
107,Arsenal,Crystal Palace,Arsenal,Koscienly L.,45+1,
107,Arsenal,Crystal Palace,Arsenal,Ramsey A.,90+1,
108,Liverpool,Southampton,Liverpool,Strerling R.,23,
108,Liverpool,Southampton,Southampton,Clyne N.,56,
108,Liverpool,Southampton,Liverpool,Sturridge D.,79,
109,Newcastle Utd,Manchester City,Manchester City,Silva D.,39,
109,Newcastle Utd,Manchester City,Manchester City,Aguero S.,90+2,
110,Burnley,Chelsea,Burnley,Arfield S.,14,
110,Burnley,Chelsea,Chelsea,Costa D.,17,
110,Burnley,Chelsea,Chelsea,Schurrle A.,21,
110,Burnley,Chelsea,Chelsea,Ivanovic B.,34,
202,Swansea,Burnley,Swansea,Dyer N.,23,
204,Crystal Palace,West Ham,West Ham,Zarate M.,34,
204,Crystal Palace,West Ham,West Ham,Downing S.,37,
204,Crystal Palace,West Ham,Crystal Palace,Chamakh M.,48,
204,Crystal Palace,West Ham,West Ham,Cole C.,62,
205,Chelsea,Leicester,Chelsea,Costa D.,62,
205,Chelsea,Leicester,Chelsea,Hazard E.,77,
206,Everton,Arsenal,Everton,Coleman S.,19,
206,Everton,Arsenal,Everton,Naismith S.,45,
206,Everton,Arsenal,Arsenal,Ramsey A.,83,
206,Everton,Arsenal,Arsenal,Giroud O.,90,
207,Tottenham,QPR,Tottenham,Chadli N.,12,
207,Tottenham,QPR,Tottenham,Dier E.,30,
207,Tottenham,QPR,Tottenham,Chadli N.,37,
207,Tottenham,QPR,Tottenham,Adebayor E.,65,
208,Hull City,Stoke City,Hull City,Jelavic N.,42,
208,Hull City,Stoke City,Stoke City,Shawcross R.,83,
209,Sunderland,Manchester United,Manchester United,Mata J.,17,
209,Sunderland,Manchester United,Sunderland,Rodwell J.,30,
210,Manchester City,Liverpool,Manchester City,Jovetic S.,41,
210,Manchester City,Liverpool,Manchester City,Jovetic S.,55,
210,Manchester City,Liverpool,Manchester City,Aguero S.,69,
210,Manchester City,Liverpool,Liverpool,Zabaleta P.,83,OG
302,West Ham,Southampton,West Ham,Noble M.,27,
302,West Ham,Southampton,Southampton,Schneiderlin M.,45,
302,West Ham,Southampton,Southampton,Schneiderlin M.,68,
302,West Ham,Southampton,Southampton,Pelle G.,83,
303,Swansea,West Brom,Swansea,Dyer N.,2,
303,Swansea,West Brom,Swansea,Routledge W.,24,
303,Swansea,West Brom,Swansea,Dyer N.,71,
304,QPR,Sundeland,QPR,Austin C.,45+2,
305,Newcastle Utd,Crystal Palace,Crystal Palace,Gayle D.,1,
305,Newcastle Utd,Crystal Palace,Newcastle Utd,Janmaat D.,37,
305,Newcastle Utd,Crystal Palace,Crystal Palace,Puncheon J.,48,
305,Newcastle Utd,Crystal Palace,Newcastle Utd,Aarons R.,73,
305,Newcastle Utd,Crystal Palace,Newcastle Utd,Williamson M.,88,
305,Newcastle Utd,Crystal Palace,Crystal Palace,Zaha W.,90+5,
306,Manchester City,Stoke City,Stoke City,Diouf M.,58,
307,Everton,Chelsea,Chelsea,Costa D.,1,
307,Everton,Chelsea,Chelsea,Ivanovic B.,3,
307,Everton,Chelsea,Everton,Mirallas K.,45,
307,Everton,Chelsea,Chelsea,Coleman S.,67,OG
307,Everton,Chelsea,Everton,Naismith S.,69,
307,Everton,Chelsea,Chelsea,Matic N.,74,
307,Everton,Chelsea,Everton,Eto'o S.,76,
307,Everton,Chelsea,Chelsea,Ramires,77,
307,Everton,Chelsea,Chelsea,Costa D.,90,
308,Tottenham,Liverpool,Liverpool,Sterling R.,8,
308,Tottenham,Liverpool,Liverpool,Gerrard S.,49,
308,Tottenham,Liverpool,Liverpool,Moreno A.,60,
309,Aston Villa,Hull City,Aston Villa,Agbonlahor G.,14,
309,Aston Villa,Hull City,Aston Villa,Weimann A.,36,
309,Aston Villa,Hull City,Hull City,Jelavic N.,74,
310,Leicester,Arsenal,Arsenal,Sanchez A.,20,
310,Leicester,Arsenal,Leicester,Ulloa L.,22,
401,Arsenal,Manchester City,Manchester City,Aguero S.,28,
401,Arsenal,Manchester City,Arsenal,Wilshere J.,63,
401,Arsenal,Manchester City,Arsenal,Sanchez A.,74,
401,Arsenal,Manchester City,Manchester City,Demichelis M.,83,
402,West Brom,Everton,Everton,Lukaku R.,2,
402,West Brom,Everton,Everton,Mirallas K.,66,
403,Sunderland,Tottenham,Tottenham,Chadli N.,2,
403,Sunderland,Tottenham,Sunderland,Johnson A.,4,
403,Sunderland,Tottenham,Tottenham,Eriksen C.,48,
403,Sunderland,Tottenham,Sunderland,Kane H.,80,OG
404,Stoke City,Leicester,Leicester,Ulloa L.,64,
405,Southampton,Newcastle Utd,Southampton,Pelle G.,6,
405,Southampton,Newcastle Utd,Southampton,Pelle G.,19,
405,Southampton,Newcastle Utd,Southampton,Cork J.,54,
405,Southampton,Newcastle Utd,Southampton,Schneiderlin M.,90+4,
407,Chelsea,Swansea,Swansea,Terry J.,11,OG
407,Chelsea,Swansea,Chelsea,Costa D.,45,
407,Chelsea,Swansea,Chelsea,Costa D.,56,
407,Chelsea,Swansea,Chelsea,Costa D.,67,
407,Chelsea,Swansea,Chelsea,Remy L.,81,
407,Chelsea,Swansea,Swansea,Shelvey J.,86,
408,Liverpool,Aston Villa,Aston Villa,Agbonlahor G.,9,
409,Manchester United,QPR,Manchester United,Di Maria A.,24,
409,Manchester United,QPR,Manchester United,Herrera A.,36,
409,Manchester United,QPR,Manchester United,Rooney W.,44,
409,Manchester United,QPR,Manchester United,Mata J.,58,
410,Hull City,West Ham,Hull City,Hernandez A.,39,
410,Hull City,West Ham,West Ham,Â Valencia E.,50,
410,Hull City,West Ham,Hull City,Diame M.,64,
410,Hull City,West Ham,West Ham,Sakho D.,67,
501,QPR,Stoke City,Stoke City,Diouf M.,11,
501,QPR,Stoke City,QPR,Caulker S.,42,
501,QPR,Stoke City,Stoke City,Crouch P.,51,
501,QPR,Stoke City,QPR,Kranjcar N.,88,
502,Swansea,Southampton,Southampton,Wanyama V.,80,
503,Newcastle Utd,Hull City,Hull City,Jelavic N.,48,
503,Newcastle Utd,Hull City,Hull City,Diame M.,68,
503,Newcastle Utd,Hull City,Newcastle Utd,Cisse P.,73,
503,Newcastle Utd,Hull City,Newcastle Utd,Cisse P.,87,
505,Aston Villa ,Arsenal,Arsenal,Ozil M.,32,
505,Aston Villa ,Arsenal,Arsenal,Welbeck D.,34,
505,Aston Villa ,Arsenal,Arsenal,Cissokho A.,36,OG
506,West Ham,Liverpool,West Ham,Reid W.,2,
506,West Ham,Liverpool,West Ham,Sakho D.,7,
506,West Ham,Liverpool,Liverpool,Sterling R.,26,
506,West Ham,Liverpool,West Ham,Amalfitano M.,88,
507,Tottenham,West Brom,West Brom,Morrison J.,74,
508,Leicester,Manchester United,Manchester United,van Persie R.,13,
508,Leicester,Manchester United,Manchester United,Di Maria A.,16,
508,Leicester,Manchester United,Leicester,Ulloa L.,17,
508,Leicester,Manchester United,Manchester United,Herrera A.,57,
508,Leicester,Manchester United,Leicester,Nugent D.,62,
508,Leicester,Manchester United,Leicester,Cambiasso E.,64,
508,Leicester,Manchester United,Leicester,Vardy J.,79,
508,Leicester,Manchester United,Leicester,Ulloa L.,83,
509,Manchester City,Chelsea,Chelsea,Schurrle A.,71,
509,Manchester City,Chelsea,Manchester City,Lampard F.,85,
510,Everton,Crystal Palace,Everton,Lukako R.,9,
510,Everton,Crystal Palace,Crystal Palace,Jedinak M.,30,
510,Everton,Crystal Palace,Crystal Palace,Campbell F.,54,
510,Everton,Crystal Palace,Crystal Palace,Bolasie Y.,69,
510,Everton,Crystal Palace,Everton,Baines L.,83,
601,Liverpool,Everton,Liverpool,Gerrard S.,65,
601,Liverpool,Everton,Everton,Jagielka P.,90+2,
603,Southampton,QPR,Southampton,Bertrand R.,54,
603,Southampton,QPR,QPR,Austin C.,66,
603,Southampton,QPR,Southampton,Pelle G.,68,
604,Manchester United,West Ham,Mancheste United,Rooney W.,5,
604,Manchester United,West Ham,Mancheste United,van Persie R.,22,
604,Manchester United,West Ham,West Ham,Sakho D.,37,
605,Hull City,Manchester City,Manchester City,Aguero S.,7,
605,Hull City,Manchester City,Manchester City,Dzeko E.,11,
605,Hull City,Manchester City,Hull City,Mangala E.,21,OG
605,Hull City,Manchester City,Hull City,Hernandez A.,32,
605,Hull City,Manchester City,Manchester City,Dzeko E.,68,
605,Hull City,Manchester City,Manchester City,Lampard F.,87,
606,Crystal Palace,Leicester,Crystal Palace,Campbell F.,51,
606,Crystal Palace,Leicester,Crystal Palace,Jedinak M.,54,
607,Chelsea,Aston Villa,Chelsea,Oscar,7,
607,Chelsea,Aston Villa,Chelsea,Costa D.,59,
607,Chelsea,Aston Villa,Chelsea,Willian,79,
608,Arsenal,Tottenham,Tottenham,Chadli N.,56,
608,Arsenal,Tottenham,Arsenal,Oxlade - Chamberlain A.,74,
609,West Brom,Burnley,West Brom,Dawson C.,30,
609,West Brom,Burnley,West Brom,Berahino S.,45+1,
609,West Brom,Burnley,West Brom,Berahino S.,56,
609,West Brom,Burnley,West Brom,Dorrans G.,90,
610,Stoke City,Newcastle Utd,Stoke City,Crouch P.,15,
701,Swansea,Newcastle Utd,Swansea,Bony W.,17,
701,Swansea,Newcastle Utd,Newcastle Utd,Cisse P.,43,
701,Swansea,Newcastle Utd,Swansea,Routledtge W.,50,
701,Swansea,Newcastle Utd,Newcastle Utd,Cisse P.,75,
702,Sunderland,Stoke City,Sunderland,Wickham C.,4,
702,Sunderland,Stoke City,Stoke City,Adam C.,15,
702,Sunderland,Stoke City,Sunderland,Fletcher S.,23,
702,Sunderland,Stoke City,Sunderland,Fletcher S.,79,
703,Liverpool,West Brom,Liverpool,Lallana A.,45,
703,Liverpool,West Brom,West Brom,Berahino S.,56,
703,Liverpool,West Brom,Liverpool,Henderson J.,61,
704,Leicester,Burnley,Leicester,Schlupp J.,33,
704,Leicester,Burnley,Burnley,Kightly M.,39,
704,Leicester,Burnley,Leicester,Mahrez R.,40,
704,Leicester,Burnley,Burnley,Wallace R.,90+6,
705,Hull City,Crystal Palace,Hull City,Diame M.,60,
705,Hull City,Crystal Palace,Hull City,Jelavic N.,89,
706,Aston Villa,Manchester City,Manchester City,Toure Y.,82,
706,Aston Villa,Manchester City,Manchester City,Aguero S.,88,
707,Manchester United,Everton,Manchester United,Di Maria A.,27,
707,Manchester United,Everton,Everton,Naismith S.,55,
707,Manchester United,Everton,Manchester United,Falcao,62,
708,Tottenham,Southampton,Tottenham,Eriksen C.,40,
709,Chelsea,Arsenal,Chelsea,Hazard E.,27,
709,Chelsea,Arsenal,Chelsea,Costa D.,78,
710,West Ham,QPR,West Ham,Onuoha N.,5,OG
710,West Ham,QPR,West Ham,Sakho D.,59,
801,Manchester City,Tottenham,Manchester City,Aguero S.,13,
801,Manchester City,Tottenham,Tottenham,Eriksen C.,15,
801,Manchester City,Tottenham,Manchester City,Aguero S.,20,
801,Manchester City,Tottenham,Manchester City,Aguero S.,68,
801,Manchester City,Tottenham,Manchester City,Aguero S.,75,
802,Southampton,Sunderland,Southampton,Vergini S.,12,OG
802,Southampton,Sunderland,Southampton,Pelle G.,18,
802,Southampton,Sunderland,Southampton,Cork J.,37,
802,Southampton,Sunderland,Southampton,Bridcutt L.,63,OG
802,Southampton,Sunderland,Southampton,Pelle G.,69,
802,Southampton,Sunderland,Southampton,Tadic D.,78,
802,Southampton,Sunderland,Southampton,Wanyama V.,79,
802,Southampton,Sunderland,Southampton,van Aanholt P.,86,OG
803,Newcastle Utd,Leicester,Newcastle Utd,Obertan G.,71,
804,Everton,Aston Villa,Everton,Jagielka P.,18,
804,Everton,Aston Villa,Everton,Lukaku R.,48,
804,Everton,Aston Villa,Everton,Coleman S.,76,
805,Crystal Palace,Chelsea,Chelsea,Oscar,6,
805,Crystal Palace,Chelsea,Chelsea,Fabregas C.,51,
805,Crystal Palace,Chelsea,Crystal Palace,Campbell,90,
806,Burnley,West Ham,West Ham,Sakho D.,49,
806,Burnley,West Ham,West Ham,Valencia E.,54,
806,Burnley,West Ham,Burnley,Boyd G.,60,
806,Burnley,West Ham,West Ham,Cole C.,70,
807,Arsenal,Hull City,Arsenal,Sanchez A.,13,
807,Arsenal,Hull City,Hull City,Diame M.,17,
807,Arsenal,Hull City,Hull City,Hernandez A.,46,
807,Arsenal,Hull City,Arsenal,Welbeck D.,90+1,
808,QPR,Livepool,Liverpool,Dunne R.,67,OG
808,QPR,Livepool,QPR,Vargas E.,87,
808,QPR,Livepool,Liverpool,Coutinho,90,
808,QPR,Livepool,QPR,Gerrard S.,90+2,OG
808,QPR,Livepool,Liverpool,Caulker S.,90+5,OG
809,Stoke City,Swansea,Swansea,Bony W.,34,
809,Stoke City,Swansea,Stoke City,Adam C.,43,
809,Stoke City,Swansea,Stoke City,Walters J.,76,
810,West Brom ,Manchester United,West Brom ,Sessegnon S.,8,
810,West Brom ,Manchester United,Manchester United,Fellaini M.,48,
810,West Brom ,Manchester United,West Brom ,Berahino S.,66,
810,West Brom ,Manchester United,Manchester United,Blind D.,87,
901,West Ham,Manchester City,West Ham,Amalfitano M.,21,
901,West Ham,Manchester City,West Ham,Sakho D.,75,
901,West Ham,Manchester City,Manchester City,Silva D.,77,
902,West Brom ,Crystal Palace,Crystal Palace,Hangeland B.,16,
902,West Brom ,Crystal Palace,Crystal Palace,Jedinak M.,45+1,
902,West Brom ,Crystal Palace,West Brom ,Anichebe V.,51,
902,West Brom ,Crystal Palace,West Brom ,Berahino S.,90+3,
903,Sunderland,Arsenal,Arsenal,Sanchez A.,30,
903,Sunderland,Arsenal,Arsenal,Sanchez A.,90+2,
904,Southampton,Stoke City,Southampton,Mane S.,33,
906,Swansea,Leicester,Swansea,Bony W.,34,
906,Swansea,Leicester,Swansea,Bony W.,57,
907,Tottenham,Newcastle Utd,Tottenham,Adebayor E.,18,
907,Tottenham,Newcastle Utd,Newcastle Utd,Ameobi S.,46,
907,Tottenham,Newcastle Utd,Newcastle Utd,Perez A.,58,
908,Burnley,Everton,Everton ,Eto'o S.,4,
908,Burnley,Everton,Burnley,Ings D.,20,
908,Burnley,Everton,Everton ,Lukaku R.,29,
908,Burnley,Everton,Everton ,Eto'o S.,85,
909,Manchester United,Chelsea,Chelsea,Drogba D.,53,
909,Manchester United,Chelsea,Manchester United,van Persie R.,90+4,
910,QPR,Aston Villa,QPR,Austin C.,17,
910,QPR,Aston Villa,QPR,Austin C.,69,
1001,Newcastle Utd,Liverpool,Newcastle Utd,Perez A.,73,
1002,Stoke City,West Ham,Stoke City,Moses V.,33,
1002,Stoke City,West Ham,Stoke City,Diouf M.,56,
1002,Stoke City,West Ham,West Ham,Valencia E.,60,
1002,Stoke City,West Ham,West Ham,Downing S.,73,
1003,Leicester,West Brom,West Brom ,Cambiasso E.,47,OG
1004,Hull City,Southampton,Southampton,Wanyama V.,3,
1006,Chelsea,QPR,Chelsea,Oscar,32,
1006,Chelsea,QPR,QPR,Austin C.,62,
1006,Chelsea,QPR,Chelsea,Hazard E.,75,
1007,Arsenal,Burnley,Arsenal,Sanchez A.,70,
1007,Arsenal,Burnley,Arsenal,Chambers C.,72,
1007,Arsenal,Burnley,Arsenal,Sanchez A.,90+1,
1008,Manchester City,Manchester United,Manchester City,Aguero S.,63,
1009,Aston Villa,Tottenham,Aston Villa,Weimann A.,16,
1009,Aston Villa,Tottenham,Tottenham,Chadli N.,84,
1009,Aston Villa,Tottenham,Tottenham,Kane H.,90,
1010,Crystal Palace,Sunderland,Sunderland,Fletcher S.,31,
1010,Crystal Palace,Sunderland,Crystal Palace,Brown W.,55,OG
1010,Crystal Palace,Sunderland,Sunderland,Gomez J.,79,
1010,Crystal Palace,Sunderland,Sunderland,Fletcher S.,90+5,
1101,Liverpool,Chelsea,Liverpool,Can E.,9,
1101,Liverpool,Chelsea,Chelsea,Cahill G.,14,
1101,Liverpool,Chelsea,Chelsea,Costa D.,67,
1103,Southampton,Leicester,Southampton,Long S.,75,
1103,Southampton,Leicester,Southampton,Long S.,80,
1104,Manchester United,Crystal Palace,Manchester United,Mata J.,67,
1105,Burnley,Hull City,Burnley,Barnes A.,50,
1106,QPR,Manchester City,QPR,Austin C.,21,
1106,QPR,Manchester City,Manchester City,Aguero S.,32,
1106,QPR,Manchester City,QPR,Demichelis M.,76,OG
1106,QPR,Manchester City,Manchester City,Aguero S.,83,
1107,West Brom,Newcastle Utd,Newcastle Utd,Perez A.,45,
1107,West Brom,Newcastle Utd,Newcastle Utd,Coloccini F.,62,
1108,Tottenham,Stoke City,Stoke City,Krkic B.,6,
1108,Tottenham,Stoke City,Stoke City,Walters J.,33,
1108,Tottenham,Stoke City,Tottenham,Chadli N.,77,
1109,Sunderland,Everton,Sunderland,Larsson S.,67,
1109,Sunderland,Everton,Everton,Baines L.,76,
1110,Swansea,Arsenal,Arsenal,Sanchez A.,63,
1110,Swansea,Arsenal,Swansea,Sigurdsson G.,75,
1110,Swansea,Arsenal,Swansea,Gomis B.,78,
1201,Stoke City,Burnley,Burnley,Ings D.,12,
1201,Stoke City,Burnley,Burnley,Ings D.,13,
1201,Stoke City,Burnley,Stoke City,Walters J.,32,
1202,Newcastle Utd,QPR,Newcastle Utd,Sissoko M.,78,
1203,Manchester City,Swansea,Swansea,Bony W.,9,
1203,Manchester City,Swansea,Manchester City,Jovetic S.,19,
1203,Manchester City,Swansea,Manchester City,Toure Y.,62,
1205,Everton,West Ham,Everton,Lukaku R.,26,
1205,Everton,West Ham,West Ham,Zarate M.,56,
1205,Everton,West Ham,Everton,Osman L.,73,
1206,Chelsea,West Brom,Chelsea,Costa D.,11,
1206,Chelsea,West Brom,Chelsea,Hazard E.,25,
1207,Arsenal ,Manchester United,Manchester United,Gibbs K.,56,OG
1207,Arsenal ,Manchester United,Manchester United,Rooney W.,85,
1207,Arsenal ,Manchester United,Arsenal ,Giroud O.,90+5,
1208,Crystal Palace,Liverpool,Liverpool,Lambert R.,2,
1208,Crystal Palace,Liverpool,Crystal Palace,Gayle D.,17,
1208,Crystal Palace,Liverpool,Crystal Palace,Ledley J.,78,
1208,Crystal Palace,Liverpool,Crystal Palace,Jedinak M.,81,
1209,Hull City,Tottenham,Hull City,Livermore J.,8,
1209,Hull City,Tottenham,Tottenham,Kane H.,61,
1209,Hull City,Tottenham,Tottenham,Eriksen C.,90,
1210,Aston Villa,Southampton,Aston Villa,Agbonlahor G.,29,
1210,Aston Villa,Southampton,Southampton,Clyne N.,81,
1301,West Brom,Arsenal ,Arsenal,Welbeck D.,60,
1302,West Ham,Newcastle Utd,West Ham,Cresswell A.,56,
1303,Swansea,Crystal Palace,Swansea,Bony W.,15,
1303,Swansea,Crystal Palace,Crystal Palace,Jedinak M.,25,
1304,QPR,Leicester,Leicester,Cambiasso E.,4,
1304,QPR,Leicester,QPR,Morgan W.,37,OG
1304,QPR,Leicester,QPR,Fer L.,45,
1304,QPR,Leicester,Leicester,Schlupp J.,67,
1304,QPR,Leicester,QPR,Austin C.,73,
1305,Manchester United,Hull City,Manchester United,Smalling C.,16,
1305,Manchester United,Hull City,Manchester United,Rooney W.,42,
1305,Manchester United,Hull City,Manchester United,van Persie R.,66,
1306,Liverpool,Stoke City,Liverpool,Johnson G.,85,
1307,Burnley,Aston Villa,Aston Villa,Cole J.,38,
1307,Burnley,Aston Villa,Burnley,Ings D.,87,
1309,Southampton,Manchester City,Manchester City,Toure Y.,51,
1309,Southampton,Manchester City,Manchester City,Lampard F.,80,
1309,Southampton,Manchester City,Manchester City,Clichy G.,88,
1310,Tottenham,Everton,Everton,Mirallas K.,15,
1310,Tottenham,Everton,Tottenham,Eriksen C.,21,
1310,Tottenham,Everton,Tottenham,Soldado R.,45+1,
1401,Swansea,QPR,Swansea,Ki Sung-Yong,78,
1401,Swansea,QPR,Swansea,Routledge W.,83,
1402,Manchester United,Stoke City,Manchester United,Fellaini M.,21,
1402,Manchester United,Stoke City,Stoke City,N'Zonzi S.,39,
1402,Manchester United,Stoke City,Manchester United,Mata J.,59,
1403,Leicester,Liverpool,Leicester,Mignolet S.,22,OG
1403,Leicester,Liverpool,Liverpool,Lallana A.,26,
1403,Leicester,Liverpool,Liverpool,Gerrard S.,54,
1403,Leicester,Liverpool,Liverpool,Henderson J.,83,
1404,Burnley,Newcastle Utd,Burnley,Boyd G.,34,
1404,Burnley,Newcastle Utd,Newcastle Utd,Cisse P.,48,
1405,West Brom,West Ham,West Brom,Dawson C.,10,
1405,West Brom,West Ham,West Ham,Nolan K.,35,
1405,West Brom,West Ham,West Ham,Tomkins J.,45 + 3,
1406,Crystal Palace,Aston Villa,Aston Villa,Benteke C.,32,
1407,Sunderland,Manchester City,Sunderland,Wickham C.,19,
1407,Sunderland,Manchester City,Manchester City,Aguero S.,21,
1407,Sunderland,Manchester City,Manchester City,Jovetic S.,39,
1407,Sunderland,Manchester City,Manchester City,Zabaleta P.,55,
1407,Sunderland,Manchester City,Manchester City,Aguero S.,71,
1408,Everton,Hull City,Everton,Lukaku R.,34,
1408,Everton,Hull City,Hull City,Aluko S.,59,
1409,Chelsea,Tottenham,Chelsea,Hazard E.,19,
1409,Chelsea,Tottenham,Chelsea,Drogba D.,22,
1409,Chelsea,Tottenham,Chelsea,Remy L.,73,
1410,Arsenal,Southampton,Arsenal,Sanchez A.,89,
1501,Newcastle Utd,Chelsea,Newcastle Utd,Cisse P.,57,
1501,Newcastle Utd,Chelsea,Newcastle Utd,Cisse P.,78,
1501,Newcastle Utd,Chelsea,Chelsea,Drogba D.,83,
1503,Stoke City,Arsenal,Stoke City,Crouch P.,1,
1503,Stoke City,Arsenal,Stoke City,Krkic B.,35,
1503,Stoke City,Arsenal,Stoke City,Walters J.,45,
1503,Stoke City,Arsenal,Arsenal,Cazorla S.,68,
1503,Stoke City,Arsenal,Arsenal,Ramsey A.,70,
1504,QPR,Burnley,QPR,Fer L.,51,
1504,QPR,Burnley,QPR,Austin C.,74,
1507,Manchester City,Everton,Manchester City,Toure Y.,24,
1508,West Ham,Swansea,Swansea,Bony W.,19,
1508,West Ham,Swansea,West Ham,Carroll A.,41,
1508,West Ham,Swansea,West Ham,Carroll A.,66,
1508,West Ham,Swansea,West Ham,Sakho D.,87,
1509,Aston Villa,Leicester,Leicester,Ulloa L.,13,
1509,Aston Villa,Leicester,Aston Villa,Clark C.,17,
1509,Aston Villa,Leicester,Aston Villa,Hutton A. ,71,
1510,Southampton,Manchester United,Manchester United,van Persie R.,12,
1510,Southampton,Manchester United,Southampton,Pelle G.,31,
1510,Southampton,Manchester United,Manchester United,van Persie R.,71,
1601,West Brom,Aston Villa,West Brom,Gardner C.,72,
1602,Sunderland,West Ham,Sunderland,Gomez J.,22,
1602,Sunderland,West Ham,West Ham,Downing S.,29,
1603,Leicester,Manchester City,Manchester City,Lampard F.,40,
1604,Crystal Palace,Stoke City,Crystal Palace,McArthur J.,11,
1604,Crystal Palace,Stoke City,Stoke City,Crouch P.,13,
1605,Chelsea,Hull City,Chelsea,Hazard E.,7,
1605,Chelsea,Hull City,Chelsea,Costa D.,68,
1606,Burnley,Southampton,Burnley,Barnes A.,73,
1607,Arsenal,Newcastle Utd,Arsenal,Giroud O.,15,
1607,Arsenal,Newcastle Utd,Arsenal,Cazorla S.,54,
1607,Arsenal,Newcastle Utd,Arsenal,Giroud O.,58,
1607,Arsenal,Newcastle Utd,Newcastle Utd,Perez A.,63,
1607,Arsenal,Newcastle Utd,Arsenal,Cazorla S.,88,
1608,Manchester United,Liverpool,Manchester United,Rooney W.,12,
1608,Manchester United,Liverpool,Manchester United,Mata J.,40,
1608,Manchester United,Liverpool,Manchester United,van Persie R.,71,
1609,Swansea,Tottenham,Tottenham,Kane H.,4,
1609,Swansea,Tottenham,Swansea,Bony W.,48,
1609,Swansea,Tottenham,Tottenham,Eriksen C.,89,
1610,Everton,QPR,Everton,Barkley R.,33,
1610,Everton,QPR,Everton,Mirallas K.,43,
1610,Everton,QPR,Everton,Onuoha N.,53,OG
1610,Everton,QPR,QPR,Zamora B. ,80,
1701,Manchester City,Crystal Palace,Manchester City,Silva D.,49,
1701,Manchester City,Crystal Palace,Manchester City,Silva D.,61,
1701,Manchester City,Crystal Palace,Manchester City,Toure Y.,81,
1702,West Ham,Leicester,West Ham,Carroll A.,24,
1702,West Ham,Leicester,West Ham,Downing S.,56,
1703,Tottenham,Burnley,Tottenham,Kane H.,21,
1703,Tottenham,Burnley,Burnley,Barnes A.,27,
1703,Tottenham,Burnley,Tottenham,Lamela E.,35,
1704,Southampton,Everton,Southampton,Lukaku R.,38,OG
1704,Southampton,Everton,Southampton,Pelle G.,65,
1704,Southampton,Everton,Southampton,Yoshida M.,82,
1705,QPR,West Brom,West Brom,Lescott J.,10,
1705,QPR,West Brom,West Brom,Varela S.,20,
1705,QPR,West Brom,QPR,Austin C.,24,
1705,QPR,West Brom,QPR,Austin C.,48,
1705,QPR,West Brom,QPR,Austin C.,86,
1706,Hull City,Swansea,Swansea,Ki Sung-Yong,15,
1707,Aston Villa,Manchester United,Aston Villa,Benteke C.,18,
1707,Aston Villa,Manchester United,Manchester United,Falcao,53,
1708,Newcastle Utd,Sunderland,Sunderland,Johnson A.,90,
1709,Liverpool,Arsenal,Liverpool,Coutinho,45,
1709,Liverpool,Arsenal,Arsenal,Debuchy M.,45 + 2,
1709,Liverpool,Arsenal,Arsenal,Giroud O.,64,
1709,Liverpool,Arsenal,Liverpool,Skrtel M.,90 + 7,
1710,Stoke City,Chelsea,Chelsea,Terry J.,2,
1710,Stoke City,Chelsea,Chelsea,Fabregas C.,78,
1801,Chelsea,West Ham,Chelsea,Terry J.,31,
1801,Chelsea,West Ham,Chelsea,Costa D.,62,
1802,West Brom,Manchester City,Manchester City,Fernando,8,
1802,West Brom,Manchester City,Manchester City,Toure Y.,13,
1802,West Brom,Manchester City,Manchester City,Silva D.,34,
1802,West Brom,Manchester City,West Brom,Brown I.,87,
1803,Swansea,Aston Villa,Swansea,Sigurdsson G.,13,
1804,Sunderland,Hull City,Sunderland,Johnson A.,1,
1804,Sunderland,Hull City,Hull City,Ramirez G.,32,
1804,Sunderland,Hull City,Hull City,Chester J.,51,
1804,Sunderland,Hull City,Hull City,Jelavic N.,90 + 6,
1805,Manchester United,Newcastle Utd,Manchester United,Rooney W.,23,
1805,Manchester United,Newcastle Utd,Manchester United,Rooney W.,36,
1805,Manchester United,Newcastle Utd,Manchester United,van Persie R.,53,
1805,Manchester United,Newcastle Utd,Newcastle Utd,Cisse P.,87,
1806,Leicester,Tottenham,Tottenham,Kane H.,1,
1806,Leicester,Tottenham,Leicester,Ulloa L.,48,
1806,Leicester,Tottenham,Tottenham,Eriksen C.,71,
1807,Everton,Stoke City,Stoke City,Krkic B.,38,
1808,Crystal Palace,Southampton,Southampton,Mane S.,17,
1808,Crystal Palace,Southampton,Southampton,Bertrand R.,48,
1808,Crystal Palace,Southampton,Southampton,Alderweireld T.,53,
1808,Crystal Palace,Southampton,Crystal Palace,Dann S.,86,
1809,Burnley,Liverpool,Liverpool,Sterling R.,62,
1810,Arsenal,QPR,Arsenal,Sanchez A.,37,
1810,Arsenal,QPR,Arsenal,Rosicky T.,65,
1810,Arsenal,QPR,QPR,Austin C.,79,
1902,Southampton,Chelsea,Southampton,Mane S.,17,
1902,Southampton,Chelsea,Chelsea,Hazard E.,45 + 1,
1903,West Ham,Arsenal,Arsenal,Cazorla S.,41,
1903,West Ham,Arsenal,Arsenal,Welbeck,44,
1903,West Ham,Arsenal,West Ham,Kouyate C.,54,
1904,Stoke City,West Brom,Stoke City,Diouf M.,51,
1904,Stoke City,West Brom,Stoke City,Diouf M.,66,
1906,Manchester City,Burnley,Manchester City,Silva D.,23,
1906,Manchester City,Burnley,Manchester City,Fernandinho,33,
1906,Manchester City,Burnley,Burnley,Boyd G.,47,
1906,Manchester City,Burnley,Burnley,Barnes A.,81,
1907,Hull City,Leicester,Leicester,Mahrez R.,32,
1909,Newcastle Utd,Everton,Everton,Kone A.,5,
1909,Newcastle Utd,Everton,Newcastle Utd,Cisse P.,34,
1909,Newcastle Utd,Everton,Newcastle Utd,Perez A.,51,
1909,Newcastle Utd,Everton,Newcastle Utd,Colback J.,68,
1909,Newcastle Utd,Everton,Everton,Mirallas K.,84,
1910,Liverpool,Swansea,Liverpool,Moreno A.,33,
1910,Liverpool,Swansea,Liverpool,Lallana A.,51,
1910,Liverpool,Swansea,Swansea,Sigurdsson G.,52,
1910,Liverpool,Swansea,Liverpool,Lallana A.,61,
1910,Liverpool,Swansea,Liverpool,Shelvey J.,69,
2001,Stoke City,Manchester United,Stoke City,Shawcross R.,2,
2001,Stoke City,Manchester United,Manchester United,Falcao,26,
2002,West Ham,West Brom,West Ham,Sakho D.,10,
2002,West Ham,West Brom,West Brom,Berahino S.,42,
2003,Southampton,Arsenal,Southampton,Mane S.,34,
2003,Southampton,Arsenal,Southampton,Tadic D.,56,
2004,QPR,Swansea,QPR,Fer L.,20,
2004,QPR,Swansea,Swansea,Bony W.,90 + 2,
2005,Newcastle Utd,Burnley,Newcastle Utd,Taylor S.,15,
2005,Newcastle Utd,Burnley,Burnley,Dummett P.,19,OG
2005,Newcastle Utd,Burnley,Newcastle Utd,Colback J.,26,
2005,Newcastle Utd,Burnley,Burnley,Ings D.,66,
2005,Newcastle Utd,Burnley,Newcastle Utd,Sissoko M.,78,
2005,Newcastle Utd,Burnley,Burnley,Boyd G.,86,
2006,Manchester City,Sunderland,Manchester City,Toure Y.,57,
2006,Manchester City,Sunderland,Manchester City,Jovetic S.,66,
2006,Manchester City,Sunderland,Sunderland,Rodwell J.,68,
2006,Manchester City,Sunderland,Sunderland,Johnson A.,71,
2006,Manchester City,Sunderland,Manchester City,Lampard F.,73,
2007,Liverpool,Leicester,Liverpool,Gerrard S.,17,
2007,Liverpool,Leicester,Liverpool,Gerrard S.,40,
2007,Liverpool,Leicester,Leicester,Nugent D.,58,
2007,Liverpool,Leicester,Leicester,Schlupp J.,60,
2008,Hull City,Everton,Hull City,Elmohamady A.,33,
2008,Hull City,Everton,Hull City,Jelavic N.,43,
2010,Tottenham,Chelsea,Chelsea,Costa D.,18,
2010,Tottenham,Chelsea,Tottenham,Kane H.,30,
2010,Tottenham,Chelsea,Tottenham,Rose D.,44,
2010,Tottenham,Chelsea,Tottenham,Townsend A.,45 + 4,
2010,Tottenham,Chelsea,Tottenham,Kane H.,52,
2010,Tottenham,Chelsea,Chelsea,Hazard E.,61,
2010,Tottenham,Chelsea,Tottenham,Chadli N.,78,
2010,Tottenham,Chelsea,Chelsea,Terry J.,87,
2101,Sunderland,Liverpool,Liverpool,Markovic L.,9,
2102,West Brom,Hull City,West Brom,Berahino S.,78,
2103,Swansea,West Ham,West Ham,Carroll A.,43,
2103,Swansea,West Ham,Swansea,Noble M.,74,OG
2104,Leicester,Aston Villa,Leicester,Konchesky P.,45 + 1,
2105,Everton,Manchester City,Manchester City,Fernandinho,74,
2105,Everton,Manchester City,Everton,Naismith S.,78,
2106,Chelsea,Newcastle Utd,Chelsea,Oscar,43,
2106,Chelsea,Newcastle Utd,Chelsea,Costa D.,59,
2107,Burnley,QPR,Burnley,Arfield S.,12,
2107,Burnley,QPR,QPR,Austin C.,33,
2107,Burnley,QPR,Burnley,Ings D.,37,
2108,Crystal Palace,Tottenham,Tottenham,Kane H.,49,
2108,Crystal Palace,Tottenham,Crystal Palace,Gayle D.,69,
2108,Crystal Palace,Tottenham,Crystal Palace,Puncheon J.,80,
2109,Arsenal,Stoke City,Arsenal,Koscielny L.,6,
2109,Arsenal,Stoke City,Arsenal,Sanchez A.,33,
2109,Arsenal,Stoke City,Arsenal,Sanchez A.,49,
2110,Manchester United,Southampton,Southampton,Tadic D.,69,
2201,Tottenham,Sunderland,Tottenham,O'Shea J.,3,OG
2201,Tottenham,Sunderland,Sunderland,Larsson S.,31,
2201,Tottenham,Sunderland,Tottenham,Eriksen C.,88,
2202,Swansea,Chelsea,Chelsea,Oscar,1,
2202,Swansea,Chelsea,Chelsea,Costa D.,20,
2202,Swansea,Chelsea,Chelsea,Costa D.,34,
2202,Swansea,Chelsea,Chelsea,Oscar,36,
2202,Swansea,Chelsea,Chelsea,Schurrle A.,79,
2203,QPR,Manchester United,Manchester United,Fellaini M.,58,
2203,QPR,Manchester United,Manchester United,Wilson J.,90 + 4,
2204,Leicester,Stoke City,Stoke City,Krkic B.,63,
2205,Burnley,Crystal Palace,Burnley,Mee B.,12,
2205,Burnley,Crystal Palace,Burnley,Ings D.,16,
2205,Burnley,Crystal Palace,Crystal Palace,Gayle D.,28,
2205,Burnley,Crystal Palace,Crystal Palace,Puncheon J.,48,
2205,Burnley,Crystal Palace,Crystal Palace,Gayle D.,87,
2206,Aston Villa,Liverpool,Liverpool,Borini F.,24,
2206,Aston Villa,Liverpool,Liverpool,Lambert R.,79,
2207,Newcastle Utd,Southampton,Southampton,Elia E.,14,
2207,Newcastle Utd,Southampton,Newcastle Utd,Gouffran Y.,29,
2207,Newcastle Utd,Southampton,Southampton,Elia E.,62,
2208,West Ham,Hull City,West Ham,Carroll A.,49,
2208,West Ham,Hull City,West Ham,Amalfitano M.,69,
2208,West Ham,Hull City,West Ham,Downing S.,72,
2209,Manchester City,Arsenal,Arsenal,Cazorla S.,24,
2209,Manchester City,Arsenal,Arsenal,Giroud O.,67,
2301,Hull City,Newcastle Utd,Newcastle Utd,Cabella R.,40,
2301,Hull City,Newcastle Utd,Newcastle Utd,Ameobi S.,50,
2301,Hull City,Newcastle Utd,Newcastle Utd,Gouffran Y.,78,
2302,West Brom,Tottenham,Tottenham,Eriksen C.,6,
2302,West Brom,Tottenham,Tottenham,Kane H.,15,
2302,West Brom,Tottenham,Tottenham,Kane H.,64,
2303,Sunderland,Burnley,Sunderland,Wickham C.,20,
2303,Sunderland,Burnley,Sunderland,Defoe J.,34,
2304,Stoke City,QPR,Stoke City,Walters J.,21,
2304,Stoke City,QPR,Stoke City,Walters J.,34,
2304,Stoke City,QPR,QPR,Kranjcar N.,36,
2304,Stoke City,QPR,Stoke City,Walters J.,90 + 2,
2305,Manchester United,Leicester,Manchester United,van Persie R.,27,
2305,Manchester United,Leicester,Manchester United,Falcao,32,
2305,Manchester United,Leicester,Manchester United,Morgan W.,44,OG
2305,Manchester United,Leicester,Leicester,Wasilewski M.,80,
2306,Liverpool,West Ham,Liverpool,Sterling R.,51,
2306,Liverpool,West Ham,Liverpool,Sturridge D.,80,
2307,Crystal Palace,Everton,Everton,Lukaku R.,2,
2308,Chelsea,Manchester City,Chelsea,Remy L.,41,
2308,Chelsea,Manchester City,Manchester City,Silva D.,45,
2309,Arsenal,Aston Villa,Arsenal,Giroud O.,8,
2309,Arsenal,Aston Villa,Arsenal,Ozil M.,56,
2309,Arsenal,Aston Villa,Arsenal,Walcott T.,63,
2309,Arsenal,Aston Villa,Arsenal,Cazorla S.,75,
2309,Arsenal,Aston Villa,Arsenal,Bellerin H.,90+2,
2310,Southampton,Swansea,Swansea,Shelvey J.,83,
2401,Tottenham,Arsenal,Arsenal,Ozil M.,11,
2401,Tottenham,Arsenal,Tottenham,Kane H.,56,
2401,Tottenham,Arsenal,Tottenham,Kane H.,86,
2402,Swansea,Sunderland,Sunderland,Defoe J.,42,
2402,Swansea,Sunderland,Swansea,Ki Sung-Yong,66,
2403,QPR,Southampton,Southampton,Mane S.,90 + 3,
2404,Manchester City,Hull City,Hull City,Meyler D.,35,
2404,Manchester City,Hull City,Manchester City,Milner J.,90 + 2,
2405,Leicester,Crystal Palace,Crystal Palace,Ledley J.,55,
2406,Aston Villa,Chelsea,Chelsea,Hazard E.,8,
2406,Aston Villa,Chelsea,Aston Villa,Okore J.,48,
2406,Aston Villa,Chelsea,Chelsea,Ivanovic B.,66,
2408,Burnley,West Brom,Burnley,Barnes A.,11,
2408,Burnley,West Brom,Burnley,Ings D.,32,
2408,Burnley,West Brom,West Brom,Brunt C.,45 + 1,
2408,Burnley,West Brom,West Brom,Brown I.,67,
2409,Newcastle Utd,Stoke City,Newcastle Utd,Colback J.,74,
2409,Newcastle Utd,Stoke City,Stoke City,Crouch P.,90,
2410,West Ham,Manchester United,West Ham,Kouyate C.,49,
2410,West Ham,Manchester United,Manchester United,Blind D.,90 + 2,
2501,Sunderland,QPR,QPR,Fer L.,17,
2501,Sunderland,QPR,QPR,Zamora B.,45 + 1,
2502,Hull City,Aston Villa,Hull City,Jelavic N.,22,
2502,Hull City,Aston Villa,Hull City,N'Doye D.,74,
2503,Arsenal,Leicester,Arsenal,Koscielny L.,27,
2503,Arsenal,Leicester,Arsenal,Walcott T.,41,
2503,Arsenal,Leicester,Leicester,Kramaric A.,61,
2504,Liverpool,Tottenham,Liverpool,Markovic L.,15,
2504,Liverpool,Tottenham,Tottenham,Kane H.,26,
2504,Liverpool,Tottenham,Liverpool,Gerrard S.,53,
2504,Liverpool,Tottenham,Tottenham,Dembele M.,61,
2504,Liverpool,Tottenham,Liverpool,Balotelli M.,83,
2505,Stoke City,Manchester City,Manchester City,Aguero S.,33,
2505,Stoke City,Manchester City,Stoke City,Crouch P.,38,
2505,Stoke City,Manchester City,Manchester City,Milner J.,55,
2505,Stoke City,Manchester City,Manchester City,Aguero S.,70,
2505,Stoke City,Manchester City,Manchester City,Nasri S.,76,
2507,Manchester United,Burnley,Manchester United,Smalling C.,6,
2507,Manchester United,Burnley,Manchester United,Ings D.,12,
2507,Manchester United,Burnley,Manchester United,Smalling C.,45 + 3,
2507,Manchester United,Burnley,Manchester United,van Persie R.,82,
2508,Chelsea,Everton,Chelsea,Willian,89,
2509,West Brom,Swansea,West Brom,Brown I.,60,
2509,West Brom,Swansea,West Brom,Berahino S.,74,
2510,Crystal Palace,Newcastle Utd,Newcastle Utd,Cisse P.,42,
2510,Crystal Palace,Newcastle Utd,Crystal Palace,Campbell F.,71,
2601,Swansea,Manchester United,Manchester United,Herrera A.,28,
2601,Swansea,Manchester United,Swansea,Ki Sung-Yong,30,
2601,Swansea,Manchester United,Swansea,Gomis B.,73,
2603,Hull City,QPR,Hull City,Jelavic N.,16,
2603,Hull City,QPR,QPR,Austin C.,39,
2603,Hull City,QPR,Hull City,N'Doye D.,89,
2604,Crystal Palace,Arsenal,Arsenal,Cazorla S.,8,
2604,Crystal Palace,Arsenal,Arsenal,Giroud O.,45 + 1,
2604,Crystal Palace,Arsenal,Crystal Palace,Murray G.,90 + 4,
2605,Chelsea,Burnley,Chelsea,Ivanovic B.,14,
2605,Chelsea,Burnley,Burnley,Mee B.,81,
2606,Aston Villa,Stoke City,Aston Villa,Sinclair S.,20,
2606,Aston Villa,Stoke City,Stoke City,Diouf M.,45,
2606,Aston Villa,Stoke City,Stoke City,Moses V.,90 + 3,
2607,Manchester City,Newcastle Utd,Manchester City,Aguero S.,2,
2607,Manchester City,Newcastle Utd,Manchester City,Nasri S.,12,
2607,Manchester City,Newcastle Utd,Manchester City,Dzeko E.,21,
2607,Manchester City,Newcastle Utd,Manchester City,Silva D.,51,
2607,Manchester City,Newcastle Utd,Manchester City,Silva D.,53,
2608,Tottenham,West Ham,West Ham,Kouyate C.,22,
2608,Tottenham,West Ham,West Ham,Sakho D.,62,
2608,Tottenham,West Ham,Tottenham,Rose D.,81,
2608,Tottenham,West Ham,Tottenham,Kane H.,90 + 6,
2609,Everton,Leicester,Everton,Naismith S.,57,
2609,Everton,Leicester,Leicester,Nugent D.,63,
2609,Everton,Leicester,Leicester,Cambiasso E.,70,
2609,Everton,Leicester,Everton,Upson M.,88,OG
2610,Southampton,Liverpool,Liverpool,Coutinho,3,
2610,Southampton,Liverpool,Liverpool,Sterling R.,73,
2701,West Ham,Crystal Palace,Crystal Palace,Murrary G.,41,
2701,West Ham,Crystal Palace,Crystal Palace,Dann S.,51,
2701,West Ham,Crystal Palace,Crystal Palace,Murrary G.,63,
2701,West Ham,Crystal Palace,West Ham,Valencia E.,76,
2702,West Brom,Southampton,West Brom,Berahino S.,2,
2703,Stoke City,Hull City,Stoke City,Crouch P.,71,
2704,Newcastle Utd,Aston Villa,Newcastle Utd,Cisse P.,37,
2705,Manchester United,Sunderland,Manchester United,Rooney W.,66,
2705,Manchester United,Sunderland,Manchester United,Rooney W.,84,
2706,Burnley,Swansea,Swansea,Trippier K.,64,OG
2707,Liverpool,Manchester City,Liverpool,Henderson J.,11,
2707,Liverpool,Manchester City,Manchester City,Dzeko E.,25,
2707,Liverpool,Manchester City,Liverpool,Coutinho,75,
2708,Arsenal,Everton,Arsenal,Giroud O.,39,
2708,Arsenal,Everton,Arsenal,Rosicky T.,89,
2709,QPR,Tottenham,Tottenham,Kane H.,34,
2709,QPR,Tottenham,Tottenham,Kane H.,68,
2710,Leicester,Chelsea,Leicester,Albrighton M.,45 + 3,
2710,Leicester,Chelsea,Chelsea,Drogba D.,48,
2710,Leicester,Chelsea,Chelsea,Terry J.,79,
2710,Leicester,Chelsea,Chelsea,Ramires,83,
2801,Southampton,Crystal Palace,Southampton,Mane S.,83,
2802,Hull City,Sunderland,Hull City,N'Doye D.,15,
2802,Hull City,Sunderland,Sunderland,Rodwell J.,77,
2803,Aston Villa,West Brom,Aston Villa,Agbonlahor G.,22,
2803,Aston Villa,West Brom,West Brom,Berahino S.,66,
2803,Aston Villa,West Brom,Aston Villa,Benteke C.,90 + 4,
2804,West Ham,Chelsea,Chelsea,Hazard E.,22,
2805,Tottenham,Swansea,Tottenham,Chadli N.,7,
2805,Tottenham,Swansea,Swansea,Ki Sung-Yong,19,
2805,Tottenham,Swansea,Tottenham,Mason R.,51,
2805,Tottenham,Swansea,Tottenham,Townsend A.,60,
2805,Tottenham,Swansea,Swansea,Sigurdsson G.,89,
2806,Stoke City,Everton,Stoke City,Moses V.,32,
2806,Stoke City,Everton,Stoke City,Diouf M.,84,
2807,QPR,Arsenal,Arsenal,Giroud O.,64,
2807,QPR,Arsenal,Arsenal,Sanchez A.,69,
2807,QPR,Arsenal,QPR,Austin C.,82,
2808,Newcastle Utd,Manchester United,Manchester United,Young A.,89,
2809,Manchester City,Leicester,Manchester City,Silva D.,45 + 2,
2809,Manchester City,Leicester,Manchester City,Milner J.,88,
2810,Liverpool,Burnley,Liverpool,Henderson J.,29,
2810,Liverpool,Burnley,Liverpool,Sturridge D.,51,
2901,Crystal Palace,QPR,Crystal Palace,Zaha W.,21,
2901,Crystal Palace,QPR,Crystal Palace,McArthur J.,40,
2901,Crystal Palace,QPR,Crystal Palace,Ward J.,42,
2901,Crystal Palace,QPR,QPR,Phillips M.,83,
2902,West Brom,Stoke City,West Brom,Brown I.,19,
2903,Sunderland,Aston Villa,Aston Villa,Benteke C.,16,
2903,Sunderland,Aston Villa,Aston Villa,Agbonlahor G.,18,
2903,Sunderland,Aston Villa,Aston Villa,Agbonlahor G.,37,
2903,Sunderland,Aston Villa,Aston Villa,Benteke C.,44,
2905,Arsenal,West Ham,Arsenal,Giroud O.,45 + 1,
2905,Arsenal,West Ham,Arsenal,Ramsey A.,81,
2905,Arsenal,West Ham,Arsenal,Flamini M.,84,
2906,Burnley,Manchester City,Burnley,Boyd G.,61,
2907,Chelsea,Southampton,Chelsea,Costa D.,11,
2907,Chelsea,Southampton,Southampton,Tadic D.,19,
2908,Manchester United,Tottenham,Manchester United,Fellaini M.,9,
2908,Manchester United,Tottenham,Manchester United,Carrick M.,19,
2908,Manchester United,Tottenham,Manchester United,Rooney W.,34,
2909,Everton,Newcastle Utd,Everton,McCarthy J.,20,
2909,Everton,Newcastle Utd,Everton,Lukaku R.,56,
2909,Everton,Newcastle Utd,Everton,Barkley R.,90 + 3,
2910,Swansea,Liverpool,Liverpool,Henderson J.,68,
3001,Manchester City,West Brom,Manchester City,Bony W.,27,
3001,Manchester City,West Brom,Manchester City,Fernando,40,
3001,Manchester City,West Brom,Manchester City,Silva D.,77,
3002,Tottenham,Leicester,Tottenham,Kane H.,6,
3002,Tottenham,Leicester,Tottenham,Kane H.,13,
3002,Tottenham,Leicester,Leicester,Vardy J.,38,
3002,Tottenham,Leicester,Leicester,Morgan W.,50,
3002,Tottenham,Leicester,Tottenham,Kane H.,64,
3002,Tottenham,Leicester,Tottenham,Schlupp J.,86,OG
3002,Tottenham,Leicester,Leicester,Nugent D.,90,
3003,Stoke City,Crystal Palace,Stoke City,Diouf M.,14,
3003,Stoke City,Crystal Palace,Crystal Palace,Murrary G.,41,
3003,Stoke City,Crystal Palace,Crystal Palace,Zaha W.,45 + 2,
3004,Southampton,Burnley,Southampton,Long S.,37,
3004,Southampton,Burnley,Southampton,Shackell J.,58,OG
3005,Newcastle Utd,Arsenal,Arsenal,Giroud O.,24,
3005,Newcastle Utd,Arsenal,Arsenal,Giroud O.,28,
3005,Newcastle Utd,Arsenal,Newcastle Utd,Sissoko M.,48,
3006,Aston Villa,Swansea,Swansea,Gomis B.,87,
3007,West Ham,Sunderland,West Ham,Sakho D.,88,
3008,Liverpool,Manchester United,Manchester United,Mata J.,14,
3008,Liverpool,Manchester United,Manchester United,Mata J.,59,
3008,Liverpool,Manchester United,Liverpool,Sturridge D.,69,
3009,QPR,Everton,Everton,Coleman S.,18,
3009,QPR,Everton,QPR,Vargas E.,65,
3009,QPR,Everton,Everton,Lennon A.,77,
3010,Hull City,Chelsea,Chelsea,Hazard E.,2,
3010,Hull City,Chelsea,Chelsea,Costa D.,9,
3010,Hull City,Chelsea,Hull City,Elmohamady A.,26,
3010,Hull City,Chelsea,Hull City,Hernandez A.,28,
3010,Hull City,Chelsea,Chelsea,Remy L.,77,
3101,Arsenal,Liverpool,Arsenal,Bellerin H.,37,
3101,Arsenal,Liverpool,Arsenal,Ozil M.,40,
3101,Arsenal,Liverpool,Arsenal,Sanchez A.,45,
3101,Arsenal,Liverpool,Liverpool,Henderson J.,76,
3101,Arsenal,Liverpool,Arsenal,Giroud O.,90 + 1,
3102,West Brom,QPR,QPR,Vargas E.,15,
3102,West Brom,QPR,QPR,Austin C.,37,
3102,West Brom,QPR,QPR,Zamora B.,43,
3102,West Brom,QPR,West Brom,Anichebe V.,58,
3102,West Brom,QPR,QPR,Barton J.,90 + 6,
3103,Swansea,Hull City,Swansea,Ki Sung-Yong,18,
3103,Swansea,Hull City,Swansea,Gomis B.,37,
3103,Swansea,Hull City,Hull City,McShane P.,50,
3103,Swansea,Hull City,Swansea,Gomis B.,90 + 1,
3104,Manchester United,Aston Villa,Manchester United,Herrera A.,43,
3104,Manchester United,Aston Villa,Manchester United,Rooney W.,79,
3104,Manchester United,Aston Villa,Aston Villa,Benteke C.,80,
3104,Manchester United,Aston Villa,Manchester United,Herrera A.,90 + 2,
3105,Leicester,West Ham,Leicester,Cambiasso E.,12,
3105,Leicester,West Ham,West Ham,Kouyate C.,32,
3105,Leicester,West Ham,Leicester,King A.,86,
3106,Everton,Southampton,Everton,Jagielka P.,16,
3107,Chelsea,Stoke City,Chelsea,Hazard E.,39,
3107,Chelsea,Stoke City,Stoke City,Adam C.,44,
3107,Chelsea,Stoke City,Chelsea,Remy L.,62,
3109,Sunderland,Newcastle Utd,Sunderland,Defoe J.,45 + 1,
3110,Crystal Palace,Manchester City,Crystal Palace,Murrary G.,34,
3110,Crystal Palace,Manchester City,Crystal Palace,Puncheon J.,48,
3110,Crystal Palace,Manchester City,Manchester City,Toure Y.,78,
3201,Swansea,Everton,Everton,Lennon A.,41,
3201,Swansea,Everton,Swansea,Shelvey J.,69,
3202,West Ham,Stoke City,West Ham,Cresswell A.,7,
3202,West Ham,Stoke City,Stoke City,Arnautovic M.,90 + 5,
3203,West Brom,Leicester,West Brom,Fletcher D.,8,
3203,West Brom,Leicester,Leicester,Nugent D.,20,
3203,West Brom,Leicester,West Brom,Gardner C.,26,
3203,West Brom,Leicester,Leicester,Huth R.,80,
3203,West Brom,Leicester,Leicester,Vardy J.,90 + 1,
3204,Tottenham,Aston Villa,Aston Villa,Benteke C.,35,
3205,Sunderland,Crystal Palace,Crystal Palace,Murrary G.,48,
3205,Sunderland,Crystal Palace,Crystal Palace,Bolasie Y.,51,
3205,Sunderland,Crystal Palace,Crystal Palace,Bolasie Y.,53,
3205,Sunderland,Crystal Palace,Crystal Palace,Bolasie Y.,62,
3205,Sunderland,Crystal Palace,Sunderland,Wickham C.,90,
3206,Southampton,Hull City,Southampton,Ward-Prowse J.,56,
3206,Southampton,Hull City,Southampton,Pelle G.,81,
3207,Burnley,Arsenal,Arsenal,Ramsey A.,12,
3208,QPR,Chelsea,Chelsea,Fabregas C.,88,
3209,Manchester United,Manchester City,Manchester City,Aguero S.,8,
3209,Manchester United,Manchester City,Manchester United,Young A.,14,
3209,Manchester United,Manchester City,Manchester United,Fellaini M.,27,
3209,Manchester United,Manchester City,Manchester United,Mata J.,67,
3209,Manchester United,Manchester City,Manchester United,Smalling C.,73,
3209,Manchester United,Manchester City,Manchester City,Aguero S.,89,
3210,Liverpool,Newcastle Utd,Liverpool,Sterling R.,9,
3210,Liverpool,Newcastle Utd,Liverpool,Allen J.,70,
3301,Aston Villa,QPR,QPR,Phillips M.,7,
3301,Aston Villa,QPR,Aston Villa,Benteke C.,10,
3301,Aston Villa,QPR,Aston Villa,Benteke C.,33,
3301,Aston Villa,QPR,QPR,Hill C.,55,
3301,Aston Villa,QPR,QPR,Austin C.,78,
3301,Aston Villa,QPR,Aston Villa,Benteke C.,83,
3302,Stoke City,Southampton,Southampton,Schneiderlin M.,22,
3302,Stoke City,Southampton,Stoke City,Diouf M.,47,
3302,Stoke City,Southampton,Stoke City,Adam C.,84,
3303,Leicester,Swansea,Leicester,Ulloa L.,15,
3303,Leicester,Swansea,Leicester,King A.,89,
3304,Everton,Burnley,Everton,Mirallas K.,29,
3305,Crystal Palace,West Brom,West Brom,Morrison J.,2,
3305,Crystal Palace,West Brom,West Brom,Gardner C.,53,
3306,Chelsea,Manchester United,Chelsea,Hazard E.,38,
3307,Manchester City,West Ham,Manchester City,Collins J.,18,OG
3307,Manchester City,West Ham,Manchester City,Aguero S.,36,
3308,Newcastle Utd,Tottenham,Tottenham,Chadli N.,30,
3308,Newcastle Utd,Tottenham,Newcastle Utd,Colback J.,46,
3308,Newcastle Utd,Tottenham,Tottenham,Eriksen C.,53,
3308,Newcastle Utd,Tottenham,Tottenham,Kane H.,90 + 1,
3309,Hull City,Liverpool,Hull City,Dawson M.,37,
3401,Southampton,Tottenham,Southampton,Pelle G.,29,
3401,Southampton,Tottenham,Tottenham,Lamela E.,43,
3401,Southampton,Tottenham,Southampton,Pelle G.,65,
3401,Southampton,Tottenham,Tottenham,Chadli N.,70,
3403,Stoke City,Sunderland,Sunderland,Wickham C.,1,
3403,Stoke City,Sunderland,Stoke City,Adam C.,27,
3405,Newcastle Utd,Swansea,Newcastle Utd,Perez A.,20,
3405,Newcastle Utd,Swansea,Swansea,Oliveira N.,45 + 2,
3405,Newcastle Utd,Swansea,Swansea,Sigurdsson G.,49,
3405,Newcastle Utd,Swansea,Swansea,Cork J.,71,
3405,Newcastle Utd,Swansea,Newcastle Utd,de Jong S.,87,
3406,Crystal Palace,Hull City,Hull City,N'Doye D.,51,
3406,Crystal Palace,Hull City,Hull City,N'Doye D.,90 + 2,
3407,Burnley,Leicester,Leicester,Vardy J.,60,
3408,Manchester City,Aston Villa,Manchester City,Aguero S.,3,
3408,Manchester City,Aston Villa,Manchester City,Kolarov A.,66,
3408,Manchester City,Aston Villa,Aston Villa,Cleverley T.,68,
3408,Manchester City,Aston Villa,Aston Villa,Sanchez C.,85,
3408,Manchester City,Aston Villa,Manchester City,Fernandinho,89,
3409,Everton,Manchester United,Everton,McCarthy J.,5,
3409,Everton,Manchester United,Everton,Stones J.,35,
3409,Everton,Manchester United,Everton,Mirallas K.,74,
3501,Leicester,Newcastle Utd,Leicester,Ulloa L.,1,
3501,Leicester,Newcastle Utd,Leicester,Morgan W.,17,
3501,Leicester,Newcastle Utd,Leicester,Ulloa L.,48,
3502,West Ham,Burnley,West Ham,Noble M.,24,
3503,Swansea,Stoke City,Swansea,Montero J.,76,
3503,Swansea,Stoke City,Swansea,Ki Sung-Yong,90 + 2,
3504,Sunderland,Southampton,Sunderland,Gomez J.,21,
3504,Sunderland,Southampton,Southampton,Mane S.,22,
3504,Sunderland,Southampton,Sunderland,Gomez J.,55,
3505,Liverpool,QPR,Liverpool,Coutinho,19,
3505,Liverpool,QPR,QPR,Fer L.,73,
3505,Liverpool,QPR,Liverpool,Gerrard S.,87,
3506,Aston Villa,Everton,Aston Villa,Benteke C.,10,
3506,Aston Villa,Everton,Aston Villa,Benteke C.,45,
3506,Aston Villa,Everton,Everton,Lukaku R.,59,
3506,Aston Villa,Everton,Aston Villa,Cleverley T.,64,
3506,Aston Villa,Everton,Everton,Jagielka P.,90 + 2,
3507,Manchester United,West Brom,West Brom,Olsson J.,63,
3508,Chelsea,Crystal Palace,Chelsea,Hazard E.,45,
3509,Tottenham,Manchester City,Manchester City,Aguero S.,29,
3510,Hull City,Arsenal,Arsenal,Sanchez A.,28,
3510,Hull City,Arsenal,Arsenal,Ramsey A.,33,
3510,Hull City,Arsenal,Arsenal,Sanchez A.,45 + 1,
3510,Hull City,Arsenal,Hull City,Quinn S.,56,
3601,Everton,Sunderland,Sunderland,Graham D.,53,
3601,Everton,Sunderland,Sunderland,Defoe J.,85,
3602,Stoke City,Tottenham,Stoke City,Adam C.,21,
3602,Stoke City,Tottenham,Stoke City,N'Zonzi S.,32,
3602,Stoke City,Tottenham,Stoke City,Vertonghen J.,86,OG
3603,Newcastle Utd,West Brom,West Brom,Anichebe V.,32,
3603,Newcastle Utd,West Brom,Newcastle Utd,Perez A.,41,
3604,Leicester,Southampton,Leicester,Mahrez R.,7,
3604,Leicester,Southampton,Leicester,Mahrez R.,19,
3605,Hull City,Burnley,Burnley,Ings D.,62,
3606,Aston Villa,West Ham,Aston Villa,Cleverley T.,31,
3607,Crystal Palace,Manchester United,Manchester United,Mata J.,19,
3607,Crystal Palace,Manchester United,Crystal Palace,Puncheon J.,57,
3607,Crystal Palace,Manchester United,Manchester United,Fellaini M.,78,
3608,Manchester City,QPR,Manchester City,Aguero S.,4,
3608,Manchester City,QPR,Manchester City,Kolarov A.,32,
3608,Manchester City,QPR,Manchester City,Aguero S.,50,
3608,Manchester City,QPR,Manchester City,Aguero S.,65,
3608,Manchester City,QPR,Manchester City,Milner J.,70,
3608,Manchester City,QPR,Manchester City,Silva D.,87,
3609,Chelsea,Liverpool,Chelsea,Terry J.,5,
3609,Chelsea,Liverpool,Liverpool,Gerrard S.,44,
3610,Arsenal,Swansea,Swansea,Gomis B.,85,
3701,Southampton,Aston Villa,Southampton,Mane S.,13,
3701,Southampton,Aston Villa,Southampton,Mane S.,14,
3701,Southampton,Aston Villa,Southampton,Mane S.,16,
3701,Southampton,Aston Villa,Southampton,Long S.,26,
3701,Southampton,Aston Villa,Southampton,Long S.,36,
3701,Southampton,Aston Villa,Aston Villa,Benteke C.,45 + 3,
3701,Southampton,Aston Villa,Southampton,Pelle G.,81,
3702,West Ham,Everton,West Ham,Downing S.,62,
3702,West Ham,Everton,Everton,Osman,68,
3702,West Ham,Everton,Everton,Lukaku R.,90 + 3,
3703,Tottenham,Hull City,Tottenham,Chadli N.,54,
3703,Tottenham,Hull City,Tottenham,Rose D.,61,
3705,QPR,Newcastle Utd,Newcastle Utd,Riviere E.,24,
3705,QPR,Newcastle Utd,QPR,Phillips M.,54,
3705,QPR,Newcastle Utd,QPR,Fer L.,61,
3707,Liverpool,Crystal Palace,Liverpool,Lallana A.,26,
3707,Liverpool,Crystal Palace,Crystal Palace,Puncheon J.,43,
3707,Liverpool,Crystal Palace,Crystal Palace,Zaha W.,60,
3707,Liverpool,Crystal Palace,Crystal Palace,Murrary G.,90 + 1,
3708,Swansea,Manchester City,Manchester City,Toure Y.,21,
3708,Swansea,Manchester City,Manchester City,Milner J.,36,
3708,Swansea,Manchester City,Swansea,Sigurdsson G.,45,
3708,Swansea,Manchester City,Swansea,Gomis B.,64,
3708,Swansea,Manchester City,Manchester City,Toure Y.,74,
3708,Swansea,Manchester City,Manchester City,Bony W.,90 + 2,
3709,Manchester United,Arsenal,Manchester United,Herrera A.,30,
3709,Manchester United,Arsenal,Arsenal,Blackett T.,82,OG
3710,West Brom,Chelsea,West Brom,Berahino S.,9,
3710,West Brom,Chelsea,West Brom,Berahino S.,47,
3710,West Brom,Chelsea,West Brom,Brunt C.,60,
3801,Stoke City,Liverpool,Stoke City,Diouf M.,22,
3801,Stoke City,Liverpool,Stoke City,Diouf M.,26,
3801,Stoke City,Liverpool,Stoke City,Walters J.,30,
3801,Stoke City,Liverpool,Stoke City,Adam C.,41,
3801,Stoke City,Liverpool,Stoke City,N'Zonzi S.,45,
3801,Stoke City,Liverpool,Liverpool,Gerrard S.,70,
3801,Stoke City,Liverpool,Stoke City,Crouch P.,86,
3802,Newcastle Utd,West Ham,Newcastle Utd,Sissoko M.,54,
3802,Newcastle Utd,West Ham,Newcastle Utd,Gutierrez J.,85,
3803,Manchester City,Southampton,Manchester City,Lampard F.,31,
3803,Manchester City,Southampton,Manchester City,Aguero S.,88,
3804,Leicester,QPR,Leicester,Vardy J.,16,
3804,Leicester,QPR,Leicester,Albrighton M.,43,
3804,Leicester,QPR,Leicester,Ulloa L.,51,
3804,Leicester,QPR,Leicester,Cambiasso E.,52,
3804,Leicester,QPR,QPR,Austin C.,57,
3804,Leicester,QPR,Leicester,Kramaric A.,86,
3806,Everton,Tottenham,Tottenham,Kane H.,24,
3807,Crystal Palace,Swansea,Crystal Palace,Chamakh M.,57,
3808,Chelsea,Sunderland,Sunderland,Fletcher S.,26,
3808,Chelsea,Sunderland,Chelsea,Costa D.,37,
3808,Chelsea,Sunderland,Chelsea,Remy L.,70,
3808,Chelsea,Sunderland,Chelsea,Remy L.,88,
3809,Aston Villa,Burnley,Burnley,Ings D.,6,
3810,Arsenal,West Brom,Arsenal,Walcott T.,4,
3810,Arsenal,West Brom,Arsenal,Walcott T.,14,
3810,Arsenal,West Brom,Arsenal,Wilshere J.,17,
3810,Arsenal,West Brom,Arsenal,Walcott T.,37,
3810,Arsenal,West Brom,West Brom,McAuley G.,57,