"Match.ID","Home","Away","Team.Scored","Player","Time.of.Goal","Own.Goal"
101,"Manchester United","Manchester United","Swansea","Ki Sung-Yong","28",""
101,"Manchester United","Manchester United","Manchester United","Rooney W.","53",""
101,"Manchester United","Manchester United","Swansea","Sigurdsson G.","72",""
102,"West Ham","West Ham","Tottenham","Dier E.","90+3",""
103,"West Brom","West Brom","Sunderland","Cattermole L.","5",""
103,"West Brom","West Brom","West Brom","Berahino S.","42",""
103,"West Brom","West Brom","West Brom","Berahino S.","74",""
103,"West Brom","West Brom","Sunderland","Larsson S.","85",""
104,"Stoke City","Stoke City","Aston Villa","Weimann A.","50",""
105,"QPR","QPR","Hull City","Chester J.","52",""
106,"Leicester","Leicester","Everton","Mcgeady A. ","20",""
106,"Leicester","Leicester","Leicester","Ulloa L.","22",""
106,"Leicester","Leicester","Everton","Naismith S.","45",""
106,"Leicester","Leicester","Leicester","Wood Ch.","86",""
107,"Arsenal","Arsenal","Crystal Palace","Hangeland B.","35",""
107,"Arsenal","Arsenal","Arsenal","Koscielny L.","45+1",""
107,"Arsenal","Arsenal","Arsenal","Ramsey A.","90+1",""
108,"Liverpool","Liverpool","Liverpool","Sterling R.","23",""
108,"Liverpool","Liverpool","Southampton","Clyne N.","56",""
108,"Liverpool","Liverpool","Liverpool","Sturridge D.","79",""
109,"Newcastle Utd","Newcastle Utd","Manchester City","Silva D.","39",""
109,"Newcastle Utd","Newcastle Utd","Manchester City","Aguero S.","90+2",""
110,"Burnley","Burnley","Burnley","Arfield S.","14",""
110,"Burnley","Burnley","Chelsea","Costa D.","17",""
110,"Burnley","Burnley","Chelsea","Schurrle A.","21",""
110,"Burnley","Burnley","Chelsea","Ivanovic B.","34",""
202,"Swansea","Swansea","Swansea","Dyer N.","23",""
204,"Crystal Palace","Crystal Palace","West Ham","Zarate M.","34",""
204,"Crystal Palace","Crystal Palace","West Ham","Downing S.","37",""
204,"Crystal Palace","Crystal Palace","Crystal Palace","Chamakh M.","48",""
204,"Crystal Palace","Crystal Palace","West Ham","Cole C.","62",""
205,"Chelsea","Chelsea","Chelsea","Costa D.","62",""
205,"Chelsea","Chelsea","Chelsea","Hazard E.","77",""
206,"Everton","Everton","Everton","Coleman S.","19",""
206,"Everton","Everton","Everton","Naismith S.","45",""
206,"Everton","Everton","Arsenal","Ramsey A.","83",""
206,"Everton","Everton","Arsenal","Giroud O.","90",""
207,"Tottenham","Tottenham","Tottenham","Chadli N.","12",""
207,"Tottenham","Tottenham","Tottenham","Dier E.","30",""
207,"Tottenham","Tottenham","Tottenham","Chadli N.","37",""
207,"Tottenham","Tottenham","Tottenham","Adebayor E.","65",""
208,"Hull City","Hull City","Hull City","Jelavic N.","42",""
208,"Hull City","Hull City","Stoke City","Shawcross R.","83",""
209,"Sunderland","Sunderland","Manchester United","Mata J.","17",""
209,"Sunderland","Sunderland","Sunderland","Rodwell J.","30",""
210,"Manchester City","Manchester City","Manchester City","Jovetic S.","41",""
210,"Manchester City","Manchester City","Manchester City","Jovetic S.","55",""
210,"Manchester City","Manchester City","Manchester City","Aguero S.","69",""
210,"Manchester City","Manchester City","Liverpool","Zabaleta P.","83","OG"
302,"West Ham","West Ham","West Ham","Noble M.","27",""
302,"West Ham","West Ham","Southampton","Schneiderlin M.","45",""
302,"West Ham","West Ham","Southampton","Schneiderlin M.","68",""
302,"West Ham","West Ham","Southampton","Pelle G.","83",""
303,"Swansea","Swansea","Swansea","Dyer N.","2",""
303,"Swansea","Swansea","Swansea","Routledge W.","24",""
303,"Swansea","Swansea","Swansea","Dyer N.","71",""
304,"QPR","QPR","QPR","Austin C.","45+2",""
305,"Newcastle Utd","Newcastle Utd","Crystal Palace","Gayle D.","1",""
305,"Newcastle Utd","Newcastle Utd","Newcastle Utd","Janmaat D.","37",""
305,"Newcastle Utd","Newcastle Utd","Crystal Palace","Puncheon J.","48",""
305,"Newcastle Utd","Newcastle Utd","Newcastle Utd","Aarons R.","73",""
305,"Newcastle Utd","Newcastle Utd","Newcastle Utd","Williamson M.","88",""
305,"Newcastle Utd","Newcastle Utd","Crystal Palace","Zaha W.","90+5",""
306,"Manchester City","Manchester City","Stoke City","Diouf M.","58",""
307,"Everton","Everton","Chelsea","Costa D.","1",""
307,"Everton","Everton","Chelsea","Ivanovic B.","3",""
307,"Everton","Everton","Everton","Mirallas K.","45",""
307,"Everton","Everton","Chelsea","Coleman S.","67","OG"
307,"Everton","Everton","Everton","Naismith S.","69",""
307,"Everton","Everton","Chelsea","Matic N.","74",""
307,"Everton","Everton","Everton","Eto'o S.","76",""
307,"Everton","Everton","Chelsea","Ramires","77",""
307,"Everton","Everton","Chelsea","Costa D.","90",""
308,"Tottenham","Tottenham","Liverpool","Sterling R.","8",""
308,"Tottenham","Tottenham","Liverpool","Gerrard S.","49",""
308,"Tottenham","Tottenham","Liverpool","Moreno A.","60",""
309,"Aston Villa","Aston Villa","Aston Villa","Agbonlahor G.","14",""
309,"Aston Villa","Aston Villa","Aston Villa","Weimann A.","36",""
309,"Aston Villa","Aston Villa","Hull City","Jelavic N.","74",""
310,"Leicester","Leicester","Arsenal","Sanchez A.","20",""
310,"Leicester","Leicester","Leicester","Ulloa L.","22",""
401,"Arsenal","Arsenal","Manchester City","Aguero S.","28",""
401,"Arsenal","Arsenal","Arsenal","Wilshere J.","63",""
401,"Arsenal","Arsenal","Arsenal","Sanchez A.","74",""
401,"Arsenal","Arsenal","Manchester City","Demichelis M.","83",""
402,"West Brom","West Brom","Everton","Lukaku R.","2",""
402,"West Brom","West Brom","Everton","Mirallas K.","66",""
403,"Sunderland","Sunderland","Tottenham","Chadli N.","2",""
403,"Sunderland","Sunderland","Sunderland","Johnson A.","4",""
403,"Sunderland","Sunderland","Tottenham","Eriksen C.","48",""
403,"Sunderland","Sunderland","Sunderland","Kane H.","80","OG"
404,"Stoke City","Stoke City","Leicester","Ulloa L.","64",""
405,"Southampton","Southampton","Southampton","Pelle G.","6",""
405,"Southampton","Southampton","Southampton","Pelle G.","19",""
405,"Southampton","Southampton","Southampton","Cork J.","54",""
405,"Southampton","Southampton","Southampton","Schneiderlin M.","90+4",""
407,"Chelsea","Chelsea","Swansea","Terry J.","11","OG"
407,"Chelsea","Chelsea","Chelsea","Costa D.","45",""
407,"Chelsea","Chelsea","Chelsea","Costa D.","56",""
407,"Chelsea","Chelsea","Chelsea","Costa D.","67",""
407,"Chelsea","Chelsea","Chelsea","Remy L.","81",""
407,"Chelsea","Chelsea","Swansea","Shelvey J.","86",""
408,"Liverpool","Liverpool","Aston Villa","Agbonlahor G.","9",""
409,"Manchester United","Manchester United","Manchester United","Di Maria A.","24",""
409,"Manchester United","Manchester United","Manchester United","Herrera A.","36",""
409,"Manchester United","Manchester United","Manchester United","Rooney W.","44",""
409,"Manchester United","Manchester United","Manchester United","Mata J.","58",""
410,"Hull City","Hull City","Hull City","Hernandez A.","39",""
410,"Hull City","Hull City","West Ham","Â Valencia E.","50",""
410,"Hull City","Hull City","Hull City","Diame M.","64",""
410,"Hull City","Hull City","West Ham","Sakho D.","67",""
501,"QPR","QPR","Stoke City","Diouf M.","11",""
501,"QPR","QPR","QPR","Caulker S.","42",""
501,"QPR","QPR","Stoke City","Crouch P.","51",""
501,"QPR","QPR","QPR","Kranjcar N.","88",""
502,"Swansea","Swansea","Southampton","Wanyama V.","80",""
503,"Newcastle Utd","Newcastle Utd","Hull City","Jelavic N.","48",""
503,"Newcastle Utd","Newcastle Utd","Hull City","Diame M.","68",""
503,"Newcastle Utd","Newcastle Utd","Newcastle Utd","Cisse P.","73",""
503,"Newcastle Utd","Newcastle Utd","Newcastle Utd","Cisse P.","87",""
505,"Aston Villa","Aston Villa","Arsenal","Ozil M.","32",""
505,"Aston Villa","Aston Villa","Arsenal","Welbeck D.","34",""
505,"Aston Villa","Aston Villa","Arsenal","Cissokho A.","36","OG"
506,"West Ham","West Ham","West Ham","Reid W.","2",""
506,"West Ham","West Ham","West Ham","Sakho D.","7",""
506,"West Ham","West Ham","Liverpool","Sterling R.","26",""
506,"West Ham","West Ham","West Ham","Amalfitano M.","88",""
507,"Tottenham","Tottenham","West Brom","Morrison J.","74",""
508,"Leicester","Leicester","Manchester United","van Persie R.","13",""
508,"Leicester","Leicester","Manchester United","Di Maria A.","16",""
508,"Leicester","Leicester","Leicester","Ulloa L.","17",""
508,"Leicester","Leicester","Manchester United","Herrera A.","57",""
508,"Leicester","Leicester","Leicester","Nugent D.","62",""
508,"Leicester","Leicester","Leicester","Cambiasso E.","64",""
508,"Leicester","Leicester","Leicester","Vardy J.","79",""
508,"Leicester","Leicester","Leicester","Ulloa L.","83",""
509,"Manchester City","Manchester City","Chelsea","Schurrle A.","71",""
509,"Manchester City","Manchester City","Manchester City","Lampard F.","85",""
510,"Everton","Everton","Everton","Lukaku R.","9",""
510,"Everton","Everton","Crystal Palace","Jedinak M.","30",""
510,"Everton","Everton","Crystal Palace","Campbell F.","54",""
510,"Everton","Everton","Crystal Palace","Bolasie Y.","69",""
510,"Everton","Everton","Everton","Baines L.","83",""
601,"Liverpool","Liverpool","Liverpool","Gerrard S.","65",""
601,"Liverpool","Liverpool","Everton","Jagielka P.","90+2",""
603,"Southampton","Southampton","Southampton","Bertrand R.","54",""
603,"Southampton","Southampton","QPR","Austin C.","66",""
603,"Southampton","Southampton","Southampton","Pelle G.","68",""
604,"Manchester United","Manchester United","Manchester United","Rooney W.","5",""
604,"Manchester United","Manchester United","Manchester United","van Persie R.","22",""
604,"Manchester United","Manchester United","West Ham","Sakho D.","37",""
605,"Hull City","Hull City","Manchester City","Aguero S.","7",""
605,"Hull City","Hull City","Manchester City","Dzeko E.","11",""
605,"Hull City","Hull City","Hull City","Mangala E.","21","OG"
605,"Hull City","Hull City","Hull City","Hernandez A.","32",""
605,"Hull City","Hull City","Manchester City","Dzeko E.","68",""
605,"Hull City","Hull City","Manchester City","Lampard F.","87",""
606,"Crystal Palace","Crystal Palace","Crystal Palace","Campbell F.","51",""
606,"Crystal Palace","Crystal Palace","Crystal Palace","Jedinak M.","54",""
607,"Chelsea","Chelsea","Chelsea","Oscar","7",""
607,"Chelsea","Chelsea","Chelsea","Costa D.","59",""
607,"Chelsea","Chelsea","Chelsea","Willian","79",""
608,"Arsenal","Arsenal","Tottenham","Chadli N.","56",""
608,"Arsenal","Arsenal","Arsenal","Oxlade - Chamberlain A.","74",""
609,"West Brom","West Brom","West Brom","Dawson C.","30",""
609,"West Brom","West Brom","West Brom","Berahino S.","45+1",""
609,"West Brom","West Brom","West Brom","Berahino S.","56",""
609,"West Brom","West Brom","West Brom","Dorrans G.","90",""
610,"Stoke City","Stoke City","Stoke City","Crouch P.","15",""
701,"Swansea","Swansea","Swansea","Bony W.","17",""
701,"Swansea","Swansea","Newcastle Utd","Cisse P.","43",""
701,"Swansea","Swansea","Swansea","Routledge W.","50",""
701,"Swansea","Swansea","Newcastle Utd","Cisse P.","75",""
702,"Sunderland","Sunderland","Sunderland","Wickham C.","4",""
702,"Sunderland","Sunderland","Stoke City","Adam C.","15",""
702,"Sunderland","Sunderland","Sunderland","Fletcher S.","23",""
702,"Sunderland","Sunderland","Sunderland","Fletcher S.","79",""
703,"Liverpool","Liverpool","Liverpool","Lallana A.","45",""
703,"Liverpool","Liverpool","West Brom","Berahino S.","56",""
703,"Liverpool","Liverpool","Liverpool","Henderson J.","61",""
704,"Leicester","Leicester","Leicester","Schlupp J.","33",""
704,"Leicester","Leicester","Burnley","Kightly M.","39",""
704,"Leicester","Leicester","Leicester","Mahrez R.","40",""
704,"Leicester","Leicester","Burnley","Wallace R.","90+6",""
705,"Hull City","Hull City","Hull City","Diame M.","60",""
705,"Hull City","Hull City","Hull City","Jelavic N.","89",""
706,"Aston Villa","Aston Villa","Manchester City","Toure Y.","82",""
706,"Aston Villa","Aston Villa","Manchester City","Aguero S.","88",""
707,"Manchester United","Manchester United","Manchester United","Di Maria A.","27",""
707,"Manchester United","Manchester United","Everton","Naismith S.","55",""
707,"Manchester United","Manchester United","Manchester United","Falcao","62",""
708,"Tottenham","Tottenham","Tottenham","Eriksen C.","40",""
709,"Chelsea","Chelsea","Chelsea","Hazard E.","27",""
709,"Chelsea","Chelsea","Chelsea","Costa D.","78",""
710,"West Ham","West Ham","West Ham","Onuoha N.","5","OG"
710,"West Ham","West Ham","West Ham","Sakho D.","59",""
801,"Manchester City","Manchester City","Manchester City","Aguero S.","13",""
801,"Manchester City","Manchester City","Tottenham","Eriksen C.","15",""
801,"Manchester City","Manchester City","Manchester City","Aguero S.","20",""
801,"Manchester City","Manchester City","Manchester City","Aguero S.","68",""
801,"Manchester City","Manchester City","Manchester City","Aguero S.","75",""
802,"Southampton","Southampton","Southampton","Vergini S.","12","OG"
802,"Southampton","Southampton","Southampton","Pelle G.","18",""
802,"Southampton","Southampton","Southampton","Cork J.","37",""
802,"Southampton","Southampton","Southampton","Bridcutt L.","63","OG"
802,"Southampton","Southampton","Southampton","Pelle G.","69",""
802,"Southampton","Southampton","Southampton","Tadic D.","78",""
802,"Southampton","Southampton","Southampton","Wanyama V.","79",""
802,"Southampton","Southampton","Southampton","van Aanholt P.","86","OG"
803,"Newcastle Utd","Newcastle Utd","Newcastle Utd","Obertan G.","71",""
804,"Everton","Everton","Everton","Jagielka P.","18",""
804,"Everton","Everton","Everton","Lukaku R.","48",""
804,"Everton","Everton","Everton","Coleman S.","76",""
805,"Crystal Palace","Crystal Palace","Chelsea","Oscar","6",""
805,"Crystal Palace","Crystal Palace","Chelsea","Fabregas C.","51",""
805,"Crystal Palace","Crystal Palace","Crystal Palace","Campbell F.","90",""
806,"Burnley","Burnley","West Ham","Sakho D.","49",""
806,"Burnley","Burnley","West Ham","Valencia E.","54",""
806,"Burnley","Burnley","Burnley","Boyd G.","60",""
806,"Burnley","Burnley","West Ham","Cole C.","70",""
807,"Arsenal","Arsenal","Arsenal","Sanchez A.","13",""
807,"Arsenal","Arsenal","Hull City","Diame M.","17",""
807,"Arsenal","Arsenal","Hull City","Hernandez A.","46",""
807,"Arsenal","Arsenal","Arsenal","Welbeck D.","90+1",""
808,"QPR","QPR","Liverpool","Dunne R.","67","OG"
808,"QPR","QPR","QPR","Vargas E.","87",""
808,"QPR","QPR","Liverpool","Coutinho","90",""
808,"QPR","QPR","QPR","Gerrard S.","90+2","OG"
808,"QPR","QPR","Liverpool","Caulker S.","90+5","OG"
809,"Stoke City","Stoke City","Swansea","Bony W.","34",""
809,"Stoke City","Stoke City","Stoke City","Adam C.","43",""
809,"Stoke City","Stoke City","Stoke City","Walters J.","76",""
810,"West Brom","West Brom","West Brom","Sessegnon S.","8",""
810,"West Brom","West Brom","Manchester United","Fellaini M.","48",""
810,"West Brom","West Brom","West Brom","Berahino S.","66",""
810,"West Brom","West Brom","Manchester United","Blind D.","87",""
901,"West Ham","West Ham","West Ham","Amalfitano M.","21",""
901,"West Ham","West Ham","West Ham","Sakho D.","75",""
901,"West Ham","West Ham","Manchester City","Silva D.","77",""
902,"West Brom","West Brom","Crystal Palace","Hangeland B.","16",""
902,"West Brom","West Brom","Crystal Palace","Jedinak M.","45+1",""
902,"West Brom","West Brom","West Brom","Anichebe V.","51",""
902,"West Brom","West Brom","West Brom","Berahino S.","90+3",""
903,"Sunderland","Sunderland","Arsenal","Sanchez A.","30",""
903,"Sunderland","Sunderland","Arsenal","Sanchez A.","90+2",""
904,"Southampton","Southampton","Southampton","Mane S.","33",""
906,"Swansea","Swansea","Swansea","Bony W.","34",""
906,"Swansea","Swansea","Swansea","Bony W.","57",""
907,"Tottenham","Tottenham","Tottenham","Adebayor E.","18",""
907,"Tottenham","Tottenham","Newcastle Utd","Ameobi S.","46",""
907,"Tottenham","Tottenham","Newcastle Utd","Perez A.","58",""
908,"Burnley","Burnley","Everton","Eto'o S.","4",""
908,"Burnley","Burnley","Burnley","Ings D.","20",""
908,"Burnley","Burnley","Everton","Lukaku R.","29",""
908,"Burnley","Burnley","Everton","Eto'o S.","85",""
909,"Manchester United","Manchester United","Chelsea","Drogba D.","53",""
909,"Manchester United","Manchester United","Manchester United","van Persie R.","90+4",""
910,"QPR","QPR","QPR","Austin C.","17",""
910,"QPR","QPR","QPR","Austin C.","69",""
1001,"Newcastle Utd","Newcastle Utd","Newcastle Utd","Perez A.","73",""
1002,"Stoke City","Stoke City","Stoke City","Moses V.","33",""
1002,"Stoke City","Stoke City","Stoke City","Diouf M.","56",""
1002,"Stoke City","Stoke City","West Ham","Valencia E.","60",""
1002,"Stoke City","Stoke City","West Ham","Downing S.","73",""
1003,"Leicester","Leicester","West Brom","Cambiasso E.","47","OG"
1004,"Hull City","Hull City","Southampton","Wanyama V.","3",""
1006,"Chelsea","Chelsea","Chelsea","Oscar","32",""
1006,"Chelsea","Chelsea","QPR","Austin C.","62",""
1006,"Chelsea","Chelsea","Chelsea","Hazard E.","75",""
1007,"Arsenal","Arsenal","Arsenal","Sanchez A.","70",""
1007,"Arsenal","Arsenal","Arsenal","Chambers C.","72",""
1007,"Arsenal","Arsenal","Arsenal","Sanchez A.","90+1",""
1008,"Manchester City","Manchester City","Manchester City","Aguero S.","63",""
1009,"Aston Villa","Aston Villa","Aston Villa","Weimann A.","16",""
1009,"Aston Villa","Aston Villa","Tottenham","Chadli N.","84",""
1009,"Aston Villa","Aston Villa","Tottenham","Kane H.","90",""
1010,"Crystal Palace","Crystal Palace","Sunderland","Fletcher S.","31",""
1010,"Crystal Palace","Crystal Palace","Crystal Palace","Brown W.","55","OG"
1010,"Crystal Palace","Crystal Palace","Sunderland","Gomez J.","79",""
1010,"Crystal Palace","Crystal Palace","Sunderland","Fletcher S.","90+5",""
1101,"Liverpool","Liverpool","Liverpool","Can E.","9",""
1101,"Liverpool","Liverpool","Chelsea","Cahill G.","14",""
1101,"Liverpool","Liverpool","Chelsea","Costa D.","67",""
1103,"Southampton","Southampton","Southampton","Long S.","75",""
1103,"Southampton","Southampton","Southampton","Long S.","80",""
1104,"Manchester United","Manchester United","Manchester United","Mata J.","67",""
1105,"Burnley","Burnley","Burnley","Barnes A.","50",""
1106,"QPR","QPR","QPR","Austin C.","21",""
1106,"QPR","QPR","Manchester City","Aguero S.","32",""
1106,"QPR","QPR","QPR","Demichelis M.","76","OG"
1106,"QPR","QPR","Manchester City","Aguero S.","83",""
1107,"West Brom","West Brom","Newcastle Utd","Perez A.","45",""
1107,"West Brom","West Brom","Newcastle Utd","Coloccini F.","62",""
1108,"Tottenham","Tottenham","Stoke City","Krkic B.","6",""
1108,"Tottenham","Tottenham","Stoke City","Walters J.","33",""
1108,"Tottenham","Tottenham","Tottenham","Chadli N.","77",""
1109,"Sunderland","Sunderland","Sunderland","Larsson S.","67",""
1109,"Sunderland","Sunderland","Everton","Baines L.","76",""
1110,"Swansea","Swansea","Arsenal","Sanchez A.","63",""
1110,"Swansea","Swansea","Swansea","Sigurdsson G.","75",""
1110,"Swansea","Swansea","Swansea","Gomis B.","78",""
1201,"Stoke City","Stoke City","Burnley","Ings D.","12",""
1201,"Stoke City","Stoke City","Burnley","Ings D.","13",""
1201,"Stoke City","Stoke City","Stoke City","Walters J.","32",""
1202,"Newcastle Utd","Newcastle Utd","Newcastle Utd","Sissoko M.","78",""
1203,"Manchester City","Manchester City","Swansea","Bony W.","9",""
1203,"Manchester City","Manchester City","Manchester City","Jovetic S.","19",""
1203,"Manchester City","Manchester City","Manchester City","Toure Y.","62",""
1205,"Everton","Everton","Everton","Lukaku R.","26",""
1205,"Everton","Everton","West Ham","Zarate M.","56",""
1205,"Everton","Everton","Everton","Osman L.","73",""
1206,"Chelsea","Chelsea","Chelsea","Costa D.","11",""
1206,"Chelsea","Chelsea","Chelsea","Hazard E.","25",""
1207,"Arsenal","Arsenal","Manchester United","Gibbs K.","56","OG"
1207,"Arsenal","Arsenal","Manchester United","Rooney W.","85",""
1207,"Arsenal","Arsenal","Arsenal","Giroud O.","90+5",""
1208,"Crystal Palace","Crystal Palace","Liverpool","Lambert R.","2",""
1208,"Crystal Palace","Crystal Palace","Crystal Palace","Gayle D.","17",""
1208,"Crystal Palace","Crystal Palace","Crystal Palace","Ledley J.","78",""
1208,"Crystal Palace","Crystal Palace","Crystal Palace","Jedinak M.","81",""
1209,"Hull City","Hull City","Hull City","Livermore J.","8",""
1209,"Hull City","Hull City","Tottenham","Kane H.","61",""
1209,"Hull City","Hull City","Tottenham","Eriksen C.","90",""
1210,"Aston Villa","Aston Villa","Aston Villa","Agbonlahor G.","29",""
1210,"Aston Villa","Aston Villa","Southampton","Clyne N.","81",""
1301,"West Brom","West Brom","Arsenal","Welbeck D.","60",""
1302,"West Ham","West Ham","West Ham","Cresswell A.","56",""
1303,"Swansea","Swansea","Swansea","Bony W.","15",""
1303,"Swansea","Swansea","Crystal Palace","Jedinak M.","25",""
1304,"QPR","QPR","Leicester","Cambiasso E.","4",""
1304,"QPR","QPR","QPR","Morgan W.","37","OG"
1304,"QPR","QPR","QPR","Fer L.","45",""
1304,"QPR","QPR","Leicester","Schlupp J.","67",""
1304,"QPR","QPR","QPR","Austin C.","73",""
1305,"Manchester United","Manchester United","Manchester United","Smalling C.","16",""
1305,"Manchester United","Manchester United","Manchester United","Rooney W.","42",""
1305,"Manchester United","Manchester United","Manchester United","van Persie R.","66",""
1306,"Liverpool","Liverpool","Liverpool","Johnson G.","85",""
1307,"Burnley","Burnley","Aston Villa","Cole J.","38",""
1307,"Burnley","Burnley","Burnley","Ings D.","87",""
1309,"Southampton","Southampton","Manchester City","Toure Y.","51",""
1309,"Southampton","Southampton","Manchester City","Lampard F.","80",""
1309,"Southampton","Southampton","Manchester City","Clichy G.","88",""
1310,"Tottenham","Tottenham","Everton","Mirallas K.","15",""
1310,"Tottenham","Tottenham","Tottenham","Eriksen C.","21",""
1310,"Tottenham","Tottenham","Tottenham","Soldado R.","45+1",""
1401,"Swansea","Swansea","Swansea","Ki Sung-Yong","78",""
1401,"Swansea","Swansea","Swansea","Routledge W.","83",""
1402,"Manchester United","Manchester United","Manchester United","Fellaini M.","21",""
1402,"Manchester United","Manchester United","Stoke City","N'Zonzi S.","39",""
1402,"Manchester United","Manchester United","Manchester United","Mata J.","59",""
1403,"Leicester","Leicester","Leicester","Mignolet S.","22","OG"
1403,"Leicester","Leicester","Liverpool","Lallana A.","26",""
1403,"Leicester","Leicester","Liverpool","Gerrard S.","54",""
1403,"Leicester","Leicester","Liverpool","Henderson J.","83",""
1404,"Burnley","Burnley","Burnley","Boyd G.","34",""
1404,"Burnley","Burnley","Newcastle Utd","Cisse P.","48",""
1405,"West Brom","West Brom","West Brom","Dawson C.","10",""
1405,"West Brom","West Brom","West Ham","Nolan K.","35",""
1405,"West Brom","West Brom","West Ham","Tomkins J.","45 + 3",""
1406,"Crystal Palace","Crystal Palace","Aston Villa","Benteke C.","32",""
1407,"Sunderland","Sunderland","Sunderland","Wickham C.","19",""
1407,"Sunderland","Sunderland","Manchester City","Aguero S.","21",""
1407,"Sunderland","Sunderland","Manchester City","Jovetic S.","39",""
1407,"Sunderland","Sunderland","Manchester City","Zabaleta P.","55",""
1407,"Sunderland","Sunderland","Manchester City","Aguero S.","71",""
1408,"Everton","Everton","Everton","Lukaku R.","34",""
1408,"Everton","Everton","Hull City","Aluko S.","59",""
1409,"Chelsea","Chelsea","Chelsea","Hazard E.","19",""
1409,"Chelsea","Chelsea","Chelsea","Drogba D.","22",""
1409,"Chelsea","Chelsea","Chelsea","Remy L.","73",""
1410,"Arsenal","Arsenal","Arsenal","Sanchez A.","89",""
1501,"Newcastle Utd","Newcastle Utd","Newcastle Utd","Cisse P.","57",""
1501,"Newcastle Utd","Newcastle Utd","Newcastle Utd","Cisse P.","78",""
1501,"Newcastle Utd","Newcastle Utd","Chelsea","Drogba D.","83",""
1503,"Stoke City","Stoke City","Stoke City","Crouch P.","1",""
1503,"Stoke City","Stoke City","Stoke City","Krkic B.","35",""
1503,"Stoke City","Stoke City","Stoke City","Walters J.","45",""
1503,"Stoke City","Stoke City","Arsenal","Cazorla S.","68",""
1503,"Stoke City","Stoke City","Arsenal","Ramsey A.","70",""
1504,"QPR","QPR","QPR","Fer L.","51",""
1504,"QPR","QPR","QPR","Austin C.","74",""
1507,"Manchester City","Manchester City","Manchester City","Toure Y.","24",""
1508,"West Ham","West Ham","Swansea","Bony W.","19",""
1508,"West Ham","West Ham","West Ham","Carroll A.","41",""
1508,"West Ham","West Ham","West Ham","Carroll A.","66",""
1508,"West Ham","West Ham","West Ham","Sakho D.","87",""
1509,"Aston Villa","Aston Villa","Leicester","Ulloa L.","13",""
1509,"Aston Villa","Aston Villa","Aston Villa","Clark C.","17",""
1509,"Aston Villa","Aston Villa","Aston Villa","Hutton A. ","71",""
1510,"Southampton","Southampton","Manchester United","van Persie R.","12",""
1510,"Southampton","Southampton","Southampton","Pelle G.","31",""
1510,"Southampton","Southampton","Manchester United","van Persie R.","71",""
1601,"West Brom","West Brom","West Brom","Gardner C.","72",""
1602,"Sunderland","Sunderland","Sunderland","Gomez J.","22",""
1602,"Sunderland","Sunderland","West Ham","Downing S.","29",""
1603,"Leicester","Leicester","Manchester City","Lampard F.","40",""
1604,"Crystal Palace","Crystal Palace","Crystal Palace","McArthur J.","11",""
1604,"Crystal Palace","Crystal Palace","Stoke City","Crouch P.","13",""
1605,"Chelsea","Chelsea","Chelsea","Hazard E.","7",""
1605,"Chelsea","Chelsea","Chelsea","Costa D.","68",""
1606,"Burnley","Burnley","Burnley","Barnes A.","73",""
1607,"Arsenal","Arsenal","Arsenal","Giroud O.","15",""
1607,"Arsenal","Arsenal","Arsenal","Cazorla S.","54",""
1607,"Arsenal","Arsenal","Arsenal","Giroud O.","58",""
1607,"Arsenal","Arsenal","Newcastle Utd","Perez A.","63",""
1607,"Arsenal","Arsenal","Arsenal","Cazorla S.","88",""
1608,"Manchester United","Manchester United","Manchester United","Rooney W.","12",""
1608,"Manchester United","Manchester United","Manchester United","Mata J.","40",""
1608,"Manchester United","Manchester United","Manchester United","van Persie R.","71",""
1609,"Swansea","Swansea","Tottenham","Kane H.","4",""
1609,"Swansea","Swansea","Swansea","Bony W.","48",""
1609,"Swansea","Swansea","Tottenham","Eriksen C.","89",""
1610,"Everton","Everton","Everton","Barkley R.","33",""
1610,"Everton","Everton","Everton","Mirallas K.","43",""
1610,"Everton","Everton","Everton","Onuoha N.","53","OG"
1610,"Everton","Everton","QPR","Zamora B.","80",""
1701,"Manchester City","Manchester City","Manchester City","Silva D.","49",""
1701,"Manchester City","Manchester City","Manchester City","Silva D.","61",""
1701,"Manchester City","Manchester City","Manchester City","Toure Y.","81",""
1702,"West Ham","West Ham","West Ham","Carroll A.","24",""
1702,"West Ham","West Ham","West Ham","Downing S.","56",""
1703,"Tottenham","Tottenham","Tottenham","Kane H.","21",""
1703,"Tottenham","Tottenham","Burnley","Barnes A.","27",""
1703,"Tottenham","Tottenham","Tottenham","Lamela E.","35",""
1704,"Southampton","Southampton","Southampton","Lukaku R.","38","OG"
1704,"Southampton","Southampton","Southampton","Pelle G.","65",""
1704,"Southampton","Southampton","Southampton","Yoshida M.","82",""
1705,"QPR","QPR","West Brom","Lescott J.","10",""
1705,"QPR","QPR","West Brom","Varela S.","20",""
1705,"QPR","QPR","QPR","Austin C.","24",""
1705,"QPR","QPR","QPR","Austin C.","48",""
1705,"QPR","QPR","QPR","Austin C.","86",""
1706,"Hull City","Hull City","Swansea","Ki Sung-Yong","15",""
1707,"Aston Villa","Aston Villa","Aston Villa","Benteke C.","18",""
1707,"Aston Villa","Aston Villa","Manchester United","Falcao","53",""
1708,"Newcastle Utd","Newcastle Utd","Sunderland","Johnson A.","90",""
1709,"Liverpool","Liverpool","Liverpool","Coutinho","45",""
1709,"Liverpool","Liverpool","Arsenal","Debuchy M.","45 + 2",""
1709,"Liverpool","Liverpool","Arsenal","Giroud O.","64",""
1709,"Liverpool","Liverpool","Liverpool","Skrtel M.","90 + 7",""
1710,"Stoke City","Stoke City","Chelsea","Terry J.","2",""
1710,"Stoke City","Stoke City","Chelsea","Fabregas C.","78",""
1801,"Chelsea","Chelsea","Chelsea","Terry J.","31",""
1801,"Chelsea","Chelsea","Chelsea","Costa D.","62",""
1802,"West Brom","West Brom","Manchester City","Fernando","8",""
1802,"West Brom","West Brom","Manchester City","Toure Y.","13",""
1802,"West Brom","West Brom","Manchester City","Silva D.","34",""
1802,"West Brom","West Brom","West Brom","Brown I.","87",""
1803,"Swansea","Swansea","Swansea","Sigurdsson G.","13",""
1804,"Sunderland","Sunderland","Sunderland","Johnson A.","1",""
1804,"Sunderland","Sunderland","Hull City","Ramirez G.","32",""
1804,"Sunderland","Sunderland","Hull City","Chester J.","51",""
1804,"Sunderland","Sunderland","Hull City","Jelavic N.","90 + 6",""
1805,"Manchester United","Manchester United","Manchester United","Rooney W.","23",""
1805,"Manchester United","Manchester United","Manchester United","Rooney W.","36",""
1805,"Manchester United","Manchester United","Manchester United","van Persie R.","53",""
1805,"Manchester United","Manchester United","Newcastle Utd","Cisse P.","87",""
1806,"Leicester","Leicester","Tottenham","Kane H.","1",""
1806,"Leicester","Leicester","Leicester","Ulloa L.","48",""
1806,"Leicester","Leicester","Tottenham","Eriksen C.","71",""
1807,"Everton","Everton","Stoke City","Krkic B.","38",""
1808,"Crystal Palace","Crystal Palace","Southampton","Mane S.","17",""
1808,"Crystal Palace","Crystal Palace","Southampton","Bertrand R.","48",""
1808,"Crystal Palace","Crystal Palace","Southampton","Alderweireld T.","53",""
1808,"Crystal Palace","Crystal Palace","Crystal Palace","Dann S.","86",""
1809,"Burnley","Burnley","Liverpool","Sterling R.","62",""
1810,"Arsenal","Arsenal","Arsenal","Sanchez A.","37",""
1810,"Arsenal","Arsenal","Arsenal","Rosicky T.","65",""
1810,"Arsenal","Arsenal","QPR","Austin C.","79",""
1902,"Southampton","Southampton","Southampton","Mane S.","17",""
1902,"Southampton","Southampton","Chelsea","Hazard E.","45 + 1",""
1903,"West Ham","West Ham","Arsenal","Cazorla S.","41",""
1903,"West Ham","West Ham","Arsenal","Welbeck D.","44",""
1903,"West Ham","West Ham","West Ham","Kouyate C.","54",""
1904,"Stoke City","Stoke City","Stoke City","Diouf M.","51",""
1904,"Stoke City","Stoke City","Stoke City","Diouf M.","66",""
1906,"Manchester City","Manchester City","Manchester City","Silva D.","23",""
1906,"Manchester City","Manchester City","Manchester City","Fernandinho","33",""
1906,"Manchester City","Manchester City","Burnley","Boyd G.","47",""
1906,"Manchester City","Manchester City","Burnley","Barnes A.","81",""
1907,"Hull City","Hull City","Leicester","Mahrez R.","32",""
1909,"Newcastle Utd","Newcastle Utd","Everton","Kone A.","5",""
1909,"Newcastle Utd","Newcastle Utd","Newcastle Utd","Cisse P.","34",""
1909,"Newcastle Utd","Newcastle Utd","Newcastle Utd","Perez A.","51",""
1909,"Newcastle Utd","Newcastle Utd","Newcastle Utd","Colback J.","68",""
1909,"Newcastle Utd","Newcastle Utd","Everton","Mirallas K.","84",""
1910,"Liverpool","Liverpool","Liverpool","Moreno A.","33",""
1910,"Liverpool","Liverpool","Liverpool","Lallana A.","51",""
1910,"Liverpool","Liverpool","Swansea","Sigurdsson G.","52",""
1910,"Liverpool","Liverpool","Liverpool","Lallana A.","61",""
1910,"Liverpool","Liverpool","Liverpool","Shelvey J.","69",""
2001,"Stoke City","Stoke City","Stoke City","Shawcross R.","2",""
2001,"Stoke City","Stoke City","Manchester United","Falcao","26",""
2002,"West Ham","West Ham","West Ham","Sakho D.","10",""
2002,"West Ham","West Ham","West Brom","Berahino S.","42",""
2003,"Southampton","Southampton","Southampton","Mane S.","34",""
2003,"Southampton","Southampton","Southampton","Tadic D.","56",""
2004,"QPR","QPR","QPR","Fer L.","20",""
2004,"QPR","QPR","Swansea","Bony W.","90 + 2",""
2005,"Newcastle Utd","Newcastle Utd","Newcastle Utd","Taylor S.","15",""
2005,"Newcastle Utd","Newcastle Utd","Burnley","Dummett P.","19","OG"
2005,"Newcastle Utd","Newcastle Utd","Newcastle Utd","Colback J.","26",""
2005,"Newcastle Utd","Newcastle Utd","Burnley","Ings D.","66",""
2005,"Newcastle Utd","Newcastle Utd","Newcastle Utd","Sissoko M.","78",""
2005,"Newcastle Utd","Newcastle Utd","Burnley","Boyd G.","86",""
2006,"Manchester City","Manchester City","Manchester City","Toure Y.","57",""
2006,"Manchester City","Manchester City","Manchester City","Jovetic S.","66",""
2006,"Manchester City","Manchester City","Sunderland","Rodwell J.","68",""
2006,"Manchester City","Manchester City","Sunderland","Johnson A.","71",""
2006,"Manchester City","Manchester City","Manchester City","Lampard F.","73",""
2007,"Liverpool","Liverpool","Liverpool","Gerrard S.","17",""
2007,"Liverpool","Liverpool","Liverpool","Gerrard S.","40",""
2007,"Liverpool","Liverpool","Leicester","Nugent D.","58",""
2007,"Liverpool","Liverpool","Leicester","Schlupp J.","60",""
2008,"Hull City","Hull City","Hull City","Elmohamady A.","33",""
2008,"Hull City","Hull City","Hull City","Jelavic N.","43",""
2010,"Tottenham","Tottenham","Chelsea","Costa D.","18",""
2010,"Tottenham","Tottenham","Tottenham","Kane H.","30",""
2010,"Tottenham","Tottenham","Tottenham","Rose D.","44",""
2010,"Tottenham","Tottenham","Tottenham","Townsend A.","45 + 4",""
2010,"Tottenham","Tottenham","Tottenham","Kane H.","52",""
2010,"Tottenham","Tottenham","Chelsea","Hazard E.","61",""
2010,"Tottenham","Tottenham","Tottenham","Chadli N.","78",""
2010,"Tottenham","Tottenham","Chelsea","Terry J.","87",""
2101,"Sunderland","Sunderland","Liverpool","Markovic L.","9",""
2102,"West Brom","West Brom","West Brom","Berahino S.","78",""
2103,"Swansea","Swansea","West Ham","Carroll A.","43",""
2103,"Swansea","Swansea","Swansea","Noble M.","74","OG"
2104,"Leicester","Leicester","Leicester","Konchesky P.","45 + 1",""
2105,"Everton","Everton","Manchester City","Fernandinho","74",""
2105,"Everton","Everton","Everton","Naismith S.","78",""
2106,"Chelsea","Chelsea","Chelsea","Oscar","43",""
2106,"Chelsea","Chelsea","Chelsea","Costa D.","59",""
2107,"Burnley","Burnley","Burnley","Arfield S.","12",""
2107,"Burnley","Burnley","QPR","Austin C.","33",""
2107,"Burnley","Burnley","Burnley","Ings D.","37",""
2108,"Crystal Palace","Crystal Palace","Tottenham","Kane H.","49",""
2108,"Crystal Palace","Crystal Palace","Crystal Palace","Gayle D.","69",""
2108,"Crystal Palace","Crystal Palace","Crystal Palace","Puncheon J.","80",""
2109,"Arsenal","Arsenal","Arsenal","Koscielny L.","6",""
2109,"Arsenal","Arsenal","Arsenal","Sanchez A.","33",""
2109,"Arsenal","Arsenal","Arsenal","Sanchez A.","49",""
2110,"Manchester United","Manchester United","Southampton","Tadic D.","69",""
2201,"Tottenham","Tottenham","Tottenham","O'Shea J.","3","OG"
2201,"Tottenham","Tottenham","Sunderland","Larsson S.","31",""
2201,"Tottenham","Tottenham","Tottenham","Eriksen C.","88",""
2202,"Swansea","Swansea","Chelsea","Oscar","1",""
2202,"Swansea","Swansea","Chelsea","Costa D.","20",""
2202,"Swansea","Swansea","Chelsea","Costa D.","34",""
2202,"Swansea","Swansea","Chelsea","Oscar","36",""
2202,"Swansea","Swansea","Chelsea","Schurrle A.","79",""
2203,"QPR","QPR","Manchester United","Fellaini M.","58",""
2203,"QPR","QPR","Manchester United","Wilson J.","90 + 4",""
2204,"Leicester","Leicester","Stoke City","Krkic B.","63",""
2205,"Burnley","Burnley","Burnley","Mee B.","12",""
2205,"Burnley","Burnley","Burnley","Ings D.","16",""
2205,"Burnley","Burnley","Crystal Palace","Gayle D.","28",""
2205,"Burnley","Burnley","Crystal Palace","Puncheon J.","48",""
2205,"Burnley","Burnley","Crystal Palace","Gayle D.","87",""
2206,"Aston Villa","Aston Villa","Liverpool","Borini F.","24",""
2206,"Aston Villa","Aston Villa","Liverpool","Lambert R.","79",""
2207,"Newcastle Utd","Newcastle Utd","Southampton","Elia E.","14",""
2207,"Newcastle Utd","Newcastle Utd","Newcastle Utd","Gouffran Y.","29",""
2207,"Newcastle Utd","Newcastle Utd","Southampton","Elia E.","62",""
2208,"West Ham","West Ham","West Ham","Carroll A.","49",""
2208,"West Ham","West Ham","West Ham","Amalfitano M.","69",""
2208,"West Ham","West Ham","West Ham","Downing S.","72",""
2209,"Manchester City","Manchester City","Arsenal","Cazorla S.","24",""
2209,"Manchester City","Manchester City","Arsenal","Giroud O.","67",""
2301,"Hull City","Hull City","Newcastle Utd","Cabella R.","40",""
2301,"Hull City","Hull City","Newcastle Utd","Ameobi S.","50",""
2301,"Hull City","Hull City","Newcastle Utd","Gouffran Y.","78",""
2302,"West Brom","West Brom","Tottenham","Eriksen C.","6",""
2302,"West Brom","West Brom","Tottenham","Kane H.","15",""
2302,"West Brom","West Brom","Tottenham","Kane H.","64",""
2303,"Sunderland","Sunderland","Sunderland","Wickham C.","20",""
2303,"Sunderland","Sunderland","Sunderland","Defoe J.","34",""
2304,"Stoke City","Stoke City","Stoke City","Walters J.","21",""
2304,"Stoke City","Stoke City","Stoke City","Walters J.","34",""
2304,"Stoke City","Stoke City","QPR","Kranjcar N.","36",""
2304,"Stoke City","Stoke City","Stoke City","Walters J.","90 + 2",""
2305,"Manchester United","Manchester United","Manchester United","van Persie R.","27",""
2305,"Manchester United","Manchester United","Manchester United","Falcao","32",""
2305,"Manchester United","Manchester United","Manchester United","Morgan W.","44","OG"
2305,"Manchester United","Manchester United","Leicester","Wasilewski M.","80",""
2306,"Liverpool","Liverpool","Liverpool","Sterling R.","51",""
2306,"Liverpool","Liverpool","Liverpool","Sturridge D.","80",""
2307,"Crystal Palace","Crystal Palace","Everton","Lukaku R.","2",""
2308,"Chelsea","Chelsea","Chelsea","Remy L.","41",""
2308,"Chelsea","Chelsea","Manchester City","Silva D.","45",""
2309,"Arsenal","Arsenal","Arsenal","Giroud O.","8",""
2309,"Arsenal","Arsenal","Arsenal","Ozil M.","56",""
2309,"Arsenal","Arsenal","Arsenal","Walcott T.","63",""
2309,"Arsenal","Arsenal","Arsenal","Cazorla S.","75",""
2309,"Arsenal","Arsenal","Arsenal","Bellerin H.","90+2",""
2310,"Southampton","Southampton","Swansea","Shelvey J.","83",""
2401,"Tottenham","Tottenham","Arsenal","Ozil M.","11",""
2401,"Tottenham","Tottenham","Tottenham","Kane H.","56",""
2401,"Tottenham","Tottenham","Tottenham","Kane H.","86",""
2402,"Swansea","Swansea","Sunderland","Defoe J.","42",""
2402,"Swansea","Swansea","Swansea","Ki Sung-Yong","66",""
2403,"QPR","QPR","Southampton","Mane S.","90 + 3",""
2404,"Manchester City","Manchester City","Hull City","Meyler D.","35",""
2404,"Manchester City","Manchester City","Manchester City","Milner J.","90 + 2",""
2405,"Leicester","Leicester","Crystal Palace","Ledley J.","55",""
2406,"Aston Villa","Aston Villa","Chelsea","Hazard E.","8",""
2406,"Aston Villa","Aston Villa","Aston Villa","Okore J.","48",""
2406,"Aston Villa","Aston Villa","Chelsea","Ivanovic B.","66",""
2408,"Burnley","Burnley","Burnley","Barnes A.","11",""
2408,"Burnley","Burnley","Burnley","Ings D.","32",""
2408,"Burnley","Burnley","West Brom","Brunt C.","45 + 1",""
2408,"Burnley","Burnley","West Brom","Brown I.","67",""
2409,"Newcastle Utd","Newcastle Utd","Newcastle Utd","Colback J.","74",""
2409,"Newcastle Utd","Newcastle Utd","Stoke City","Crouch P.","90",""
2410,"West Ham","West Ham","West Ham","Kouyate C.","49",""
2410,"West Ham","West Ham","Manchester United","Blind D.","90 + 2",""
2501,"Sunderland","Sunderland","QPR","Fer L.","17",""
2501,"Sunderland","Sunderland","QPR","Zamora B.","45 + 1",""
2502,"Hull City","Hull City","Hull City","Jelavic N.","22",""
2502,"Hull City","Hull City","Hull City","N'Doye D.","74",""
2503,"Arsenal","Arsenal","Arsenal","Koscielny L.","27",""
2503,"Arsenal","Arsenal","Arsenal","Walcott T.","41",""
2503,"Arsenal","Arsenal","Leicester","Kramaric A.","61",""
2504,"Liverpool","Liverpool","Liverpool","Markovic L.","15",""
2504,"Liverpool","Liverpool","Tottenham","Kane H.","26",""
2504,"Liverpool","Liverpool","Liverpool","Gerrard S.","53",""
2504,"Liverpool","Liverpool","Tottenham","Dembele M.","61",""
2504,"Liverpool","Liverpool","Liverpool","Balotelli M.","83",""
2505,"Stoke City","Stoke City","Manchester City","Aguero S.","33",""
2505,"Stoke City","Stoke City","Stoke City","Crouch P.","38",""
2505,"Stoke City","Stoke City","Manchester City","Milner J.","55",""
2505,"Stoke City","Stoke City","Manchester City","Aguero S.","70",""
2505,"Stoke City","Stoke City","Manchester City","Nasri S.","76",""
2507,"Manchester United","Manchester United","Manchester United","Smalling C.","6",""
2507,"Manchester United","Manchester United","Manchester United","Ings D.","12",""
2507,"Manchester United","Manchester United","Manchester United","Smalling C.","45 + 3",""
2507,"Manchester United","Manchester United","Manchester United","van Persie R.","82",""
2508,"Chelsea","Chelsea","Chelsea","Willian","89",""
2509,"West Brom","West Brom","West Brom","Brown I.","60",""
2509,"West Brom","West Brom","West Brom","Berahino S.","74",""
2510,"Crystal Palace","Crystal Palace","Newcastle Utd","Cisse P.","42",""
2510,"Crystal Palace","Crystal Palace","Crystal Palace","Campbell F.","71",""
2601,"Swansea","Swansea","Manchester United","Herrera A.","28",""
2601,"Swansea","Swansea","Swansea","Ki Sung-Yong","30",""
2601,"Swansea","Swansea","Swansea","Gomis B.","73",""
2603,"Hull City","Hull City","Hull City","Jelavic N.","16",""
2603,"Hull City","Hull City","QPR","Austin C.","39",""
2603,"Hull City","Hull City","Hull City","N'Doye D.","89",""
2604,"Crystal Palace","Crystal Palace","Arsenal","Cazorla S.","8",""
2604,"Crystal Palace","Crystal Palace","Arsenal","Giroud O.","45 + 1",""
2604,"Crystal Palace","Crystal Palace","Crystal Palace","Murray G.","90 + 4",""
2605,"Chelsea","Chelsea","Chelsea","Ivanovic B.","14",""
2605,"Chelsea","Chelsea","Burnley","Mee B.","81",""
2606,"Aston Villa","Aston Villa","Aston Villa","Sinclair S.","20",""
2606,"Aston Villa","Aston Villa","Stoke City","Diouf M.","45",""
2606,"Aston Villa","Aston Villa","Stoke City","Moses V.","90 + 3",""
2607,"Manchester City","Manchester City","Manchester City","Aguero S.","2",""
2607,"Manchester City","Manchester City","Manchester City","Nasri S.","12",""
2607,"Manchester City","Manchester City","Manchester City","Dzeko E.","21",""
2607,"Manchester City","Manchester City","Manchester City","Silva D.","51",""
2607,"Manchester City","Manchester City","Manchester City","Silva D.","53",""
2608,"Tottenham","Tottenham","West Ham","Kouyate C.","22",""
2608,"Tottenham","Tottenham","West Ham","Sakho D.","62",""
2608,"Tottenham","Tottenham","Tottenham","Rose D.","81",""
2608,"Tottenham","Tottenham","Tottenham","Kane H.","90 + 6",""
2609,"Everton","Everton","Everton","Naismith S.","57",""
2609,"Everton","Everton","Leicester","Nugent D.","63",""
2609,"Everton","Everton","Leicester","Cambiasso E.","70",""
2609,"Everton","Everton","Everton","Upson M.","88","OG"
2610,"Southampton","Southampton","Liverpool","Coutinho","3",""
2610,"Southampton","Southampton","Liverpool","Sterling R.","73",""
2701,"West Ham","West Ham","Crystal Palace","Murrary G.","41",""
2701,"West Ham","West Ham","Crystal Palace","Dann S.","51",""
2701,"West Ham","West Ham","Crystal Palace","Murrary G.","63",""
2701,"West Ham","West Ham","West Ham","Valencia E.","76",""
2702,"West Brom","West Brom","West Brom","Berahino S.","2",""
2703,"Stoke City","Stoke City","Stoke City","Crouch P.","71",""
2704,"Newcastle Utd","Newcastle Utd","Newcastle Utd","Cisse P.","37",""
2705,"Manchester United","Manchester United","Manchester United","Rooney W.","66",""
2705,"Manchester United","Manchester United","Manchester United","Rooney W.","84",""
2706,"Burnley","Burnley","Swansea","Trippier K.","64","OG"
2707,"Liverpool","Liverpool","Liverpool","Henderson J.","11",""
2707,"Liverpool","Liverpool","Manchester City","Dzeko E.","25",""
2707,"Liverpool","Liverpool","Liverpool","Coutinho","75",""
2708,"Arsenal","Arsenal","Arsenal","Giroud O.","39",""
2708,"Arsenal","Arsenal","Arsenal","Rosicky T.","89",""
2709,"QPR","QPR","Tottenham","Kane H.","34",""
2709,"QPR","QPR","Tottenham","Kane H.","68",""
2710,"Leicester","Leicester","Leicester","Albrighton M.","45 + 3",""
2710,"Leicester","Leicester","Chelsea","Drogba D.","48",""
2710,"Leicester","Leicester","Chelsea","Terry J.","79",""
2710,"Leicester","Leicester","Chelsea","Ramires","83",""
2801,"Southampton","Southampton","Southampton","Mane S.","83",""
2802,"Hull City","Hull City","Hull City","N'Doye D.","15",""
2802,"Hull City","Hull City","Sunderland","Rodwell J.","77",""
2803,"Aston Villa","Aston Villa","Aston Villa","Agbonlahor G.","22",""
2803,"Aston Villa","Aston Villa","West Brom","Berahino S.","66",""
2803,"Aston Villa","Aston Villa","Aston Villa","Benteke C.","90 + 4",""
2804,"West Ham","West Ham","Chelsea","Hazard E.","22",""
2805,"Tottenham","Tottenham","Tottenham","Chadli N.","7",""
2805,"Tottenham","Tottenham","Swansea","Ki Sung-Yong","19",""
2805,"Tottenham","Tottenham","Tottenham","Mason R.","51",""
2805,"Tottenham","Tottenham","Tottenham","Townsend A.","60",""
2805,"Tottenham","Tottenham","Swansea","Sigurdsson G.","89",""
2806,"Stoke City","Stoke City","Stoke City","Moses V.","32",""
2806,"Stoke City","Stoke City","Stoke City","Diouf M.","84",""
2807,"QPR","QPR","Arsenal","Giroud O.","64",""
2807,"QPR","QPR","Arsenal","Sanchez A.","69",""
2807,"QPR","QPR","QPR","Austin C.","82",""
2808,"Newcastle Utd","Newcastle Utd","Manchester United","Young A.","89",""
2809,"Manchester City","Manchester City","Manchester City","Silva D.","45 + 2",""
2809,"Manchester City","Manchester City","Manchester City","Milner J.","88",""
2810,"Liverpool","Liverpool","Liverpool","Henderson J.","29",""
2810,"Liverpool","Liverpool","Liverpool","Sturridge D.","51",""
2901,"Crystal Palace","Crystal Palace","Crystal Palace","Zaha W.","21",""
2901,"Crystal Palace","Crystal Palace","Crystal Palace","McArthur J.","40",""
2901,"Crystal Palace","Crystal Palace","Crystal Palace","Ward J.","42",""
2901,"Crystal Palace","Crystal Palace","QPR","Phillips M.","83",""
2902,"West Brom","West Brom","West Brom","Brown I.","19",""
2903,"Sunderland","Sunderland","Aston Villa","Benteke C.","16",""
2903,"Sunderland","Sunderland","Aston Villa","Agbonlahor G.","18",""
2903,"Sunderland","Sunderland","Aston Villa","Agbonlahor G.","37",""
2903,"Sunderland","Sunderland","Aston Villa","Benteke C.","44",""
2905,"Arsenal","Arsenal","Arsenal","Giroud O.","45 + 1",""
2905,"Arsenal","Arsenal","Arsenal","Ramsey A.","81",""
2905,"Arsenal","Arsenal","Arsenal","Flamini M.","84",""
2906,"Burnley","Burnley","Burnley","Boyd G.","61",""
2907,"Chelsea","Chelsea","Chelsea","Costa D.","11",""
2907,"Chelsea","Chelsea","Southampton","Tadic D.","19",""
2908,"Manchester United","Manchester United","Manchester United","Fellaini M.","9",""
2908,"Manchester United","Manchester United","Manchester United","Carrick M.","19",""
2908,"Manchester United","Manchester United","Manchester United","Rooney W.","34",""
2909,"Everton","Everton","Everton","McCarthy J.","20",""
2909,"Everton","Everton","Everton","Lukaku R.","56",""
2909,"Everton","Everton","Everton","Barkley R.","90 + 3",""
2910,"Swansea","Swansea","Liverpool","Henderson J.","68",""
3001,"Manchester City","Manchester City","Manchester City","Bony W.","27",""
3001,"Manchester City","Manchester City","Manchester City","Fernando","40",""
3001,"Manchester City","Manchester City","Manchester City","Silva D.","77",""
3002,"Tottenham","Tottenham","Tottenham","Kane H.","6",""
3002,"Tottenham","Tottenham","Tottenham","Kane H.","13",""
3002,"Tottenham","Tottenham","Leicester","Vardy J.","38",""
3002,"Tottenham","Tottenham","Leicester","Morgan W.","50",""
3002,"Tottenham","Tottenham","Tottenham","Kane H.","64",""
3002,"Tottenham","Tottenham","Tottenham","Schlupp J.","86","OG"
3002,"Tottenham","Tottenham","Leicester","Nugent D.","90",""
3003,"Stoke City","Stoke City","Stoke City","Diouf M.","14",""
3003,"Stoke City","Stoke City","Crystal Palace","Murrary G.","41",""
3003,"Stoke City","Stoke City","Crystal Palace","Zaha W.","45 + 2",""
3004,"Southampton","Southampton","Southampton","Long S.","37",""
3004,"Southampton","Southampton","Southampton","Shackell J.","58","OG"
3005,"Newcastle Utd","Newcastle Utd","Arsenal","Giroud O.","24",""
3005,"Newcastle Utd","Newcastle Utd","Arsenal","Giroud O.","28",""
3005,"Newcastle Utd","Newcastle Utd","Newcastle Utd","Sissoko M.","48",""
3006,"Aston Villa","Aston Villa","Swansea","Gomis B.","87",""
3007,"West Ham","West Ham","West Ham","Sakho D.","88",""
3008,"Liverpool","Liverpool","Manchester United","Mata J.","14",""
3008,"Liverpool","Liverpool","Manchester United","Mata J.","59",""
3008,"Liverpool","Liverpool","Liverpool","Sturridge D.","69",""
3009,"QPR","QPR","Everton","Coleman S.","18",""
3009,"QPR","QPR","QPR","Vargas E.","65",""
3009,"QPR","QPR","Everton","Lennon A.","77",""
3010,"Hull City","Hull City","Chelsea","Hazard E.","2",""
3010,"Hull City","Hull City","Chelsea","Costa D.","9",""
3010,"Hull City","Hull City","Hull City","Elmohamady A.","26",""
3010,"Hull City","Hull City","Hull City","Hernandez A.","28",""
3010,"Hull City","Hull City","Chelsea","Remy L.","77",""
3101,"Arsenal","Arsenal","Arsenal","Bellerin H.","37",""
3101,"Arsenal","Arsenal","Arsenal","Ozil M.","40",""
3101,"Arsenal","Arsenal","Arsenal","Sanchez A.","45",""
3101,"Arsenal","Arsenal","Liverpool","Henderson J.","76",""
3101,"Arsenal","Arsenal","Arsenal","Giroud O.","90 + 1",""
3102,"West Brom","West Brom","QPR","Vargas E.","15",""
3102,"West Brom","West Brom","QPR","Austin C.","37",""
3102,"West Brom","West Brom","QPR","Zamora B.","43",""
3102,"West Brom","West Brom","West Brom","Anichebe V.","58",""
3102,"West Brom","West Brom","QPR","Barton J.","90 + 6",""
3103,"Swansea","Swansea","Swansea","Ki Sung-Yong","18",""
3103,"Swansea","Swansea","Swansea","Gomis B.","37",""
3103,"Swansea","Swansea","Hull City","McShane P.","50",""
3103,"Swansea","Swansea","Swansea","Gomis B.","90 + 1",""
3104,"Manchester United","Manchester United","Manchester United","Herrera A.","43",""
3104,"Manchester United","Manchester United","Manchester United","Rooney W.","79",""
3104,"Manchester United","Manchester United","Aston Villa","Benteke C.","80",""
3104,"Manchester United","Manchester United","Manchester United","Herrera A.","90 + 2",""
3105,"Leicester","Leicester","Leicester","Cambiasso E.","12",""
3105,"Leicester","Leicester","West Ham","Kouyate C.","32",""
3105,"Leicester","Leicester","Leicester","King A.","86",""
3106,"Everton","Everton","Everton","Jagielka P.","16",""
3107,"Chelsea","Chelsea","Chelsea","Hazard E.","39",""
3107,"Chelsea","Chelsea","Stoke City","Adam C.","44",""
3107,"Chelsea","Chelsea","Chelsea","Remy L.","62",""
3109,"Sunderland","Sunderland","Sunderland","Defoe J.","45 + 1",""
3110,"Crystal Palace","Crystal Palace","Crystal Palace","Murrary G.","34",""
3110,"Crystal Palace","Crystal Palace","Crystal Palace","Puncheon J.","48",""
3110,"Crystal Palace","Crystal Palace","Manchester City","Toure Y.","78",""
3201,"Swansea","Swansea","Everton","Lennon A.","41",""
3201,"Swansea","Swansea","Swansea","Shelvey J.","69",""
3202,"West Ham","West Ham","West Ham","Cresswell A.","7",""
3202,"West Ham","West Ham","Stoke City","Arnautovic M.","90 + 5",""
3203,"West Brom","West Brom","West Brom","Fletcher D.","8",""
3203,"West Brom","West Brom","Leicester","Nugent D.","20",""
3203,"West Brom","West Brom","West Brom","Gardner C.","26",""
3203,"West Brom","West Brom","Leicester","Huth R.","80",""
3203,"West Brom","West Brom","Leicester","Vardy J.","90 + 1",""
3204,"Tottenham","Tottenham","Aston Villa","Benteke C.","35",""
3205,"Sunderland","Sunderland","Crystal Palace","Murrary G.","48",""
3205,"Sunderland","Sunderland","Crystal Palace","Bolasie Y.","51",""
3205,"Sunderland","Sunderland","Crystal Palace","Bolasie Y.","53",""
3205,"Sunderland","Sunderland","Crystal Palace","Bolasie Y.","62",""
3205,"Sunderland","Sunderland","Sunderland","Wickham C.","90",""
3206,"Southampton","Southampton","Southampton","Ward-Prowse J.","56",""
3206,"Southampton","Southampton","Southampton","Pelle G.","81",""
3207,"Burnley","Burnley","Arsenal","Ramsey A.","12",""
3208,"QPR","QPR","Chelsea","Fabregas C.","88",""
3209,"Manchester United","Manchester United","Manchester City","Aguero S.","8",""
3209,"Manchester United","Manchester United","Manchester United","Young A.","14",""
3209,"Manchester United","Manchester United","Manchester United","Fellaini M.","27",""
3209,"Manchester United","Manchester United","Manchester United","Mata J.","67",""
3209,"Manchester United","Manchester United","Manchester United","Smalling C.","73",""
3209,"Manchester United","Manchester United","Manchester City","Aguero S.","89",""
3210,"Liverpool","Liverpool","Liverpool","Sterling R.","9",""
3210,"Liverpool","Liverpool","Liverpool","Allen J.","70",""
3301,"Aston Villa","Aston Villa","QPR","Phillips M.","7",""
3301,"Aston Villa","Aston Villa","Aston Villa","Benteke C.","10",""
3301,"Aston Villa","Aston Villa","Aston Villa","Benteke C.","33",""
3301,"Aston Villa","Aston Villa","QPR","Hill C.","55",""
3301,"Aston Villa","Aston Villa","QPR","Austin C.","78",""
3301,"Aston Villa","Aston Villa","Aston Villa","Benteke C.","83",""
3302,"Stoke City","Stoke City","Southampton","Schneiderlin M.","22",""
3302,"Stoke City","Stoke City","Stoke City","Diouf M.","47",""
3302,"Stoke City","Stoke City","Stoke City","Adam C.","84",""
3303,"Leicester","Leicester","Leicester","Ulloa L.","15",""
3303,"Leicester","Leicester","Leicester","King A.","89",""
3304,"Everton","Everton","Everton","Mirallas K.","29",""
3305,"Crystal Palace","Crystal Palace","West Brom","Morrison J.","2",""
3305,"Crystal Palace","Crystal Palace","West Brom","Gardner C.","53",""
3306,"Chelsea","Chelsea","Chelsea","Hazard E.","38",""
3307,"Manchester City","Manchester City","Manchester City","Collins J.","18","OG"
3307,"Manchester City","Manchester City","Manchester City","Aguero S.","36",""
3308,"Newcastle Utd","Newcastle Utd","Tottenham","Chadli N.","30",""
3308,"Newcastle Utd","Newcastle Utd","Newcastle Utd","Colback J.","46",""
3308,"Newcastle Utd","Newcastle Utd","Tottenham","Eriksen C.","53",""
3308,"Newcastle Utd","Newcastle Utd","Tottenham","Kane H.","90 + 1",""
3309,"Hull City","Hull City","Hull City","Dawson M.","37",""
3401,"Southampton","Southampton","Southampton","Pelle G.","29",""
3401,"Southampton","Southampton","Tottenham","Lamela E.","43",""
3401,"Southampton","Southampton","Southampton","Pelle G.","65",""
3401,"Southampton","Southampton","Tottenham","Chadli N.","70",""
3403,"Stoke City","Stoke City","Sunderland","Wickham C.","1",""
3403,"Stoke City","Stoke City","Stoke City","Adam C.","27",""
3405,"Newcastle Utd","Newcastle Utd","Newcastle Utd","Perez A.","20",""
3405,"Newcastle Utd","Newcastle Utd","Swansea","Oliveira N.","45 + 2",""
3405,"Newcastle Utd","Newcastle Utd","Swansea","Sigurdsson G.","49",""
3405,"Newcastle Utd","Newcastle Utd","Swansea","Cork J.","71",""
3405,"Newcastle Utd","Newcastle Utd","Newcastle Utd","de Jong S.","87",""
3406,"Crystal Palace","Crystal Palace","Hull City","N'Doye D.","51",""
3406,"Crystal Palace","Crystal Palace","Hull City","N'Doye D.","90 + 2",""
3407,"Burnley","Burnley","Leicester","Vardy J.","60",""
3408,"Manchester City","Manchester City","Manchester City","Aguero S.","3",""
3408,"Manchester City","Manchester City","Manchester City","Kolarov A.","66",""
3408,"Manchester City","Manchester City","Aston Villa","Cleverley T.","68",""
3408,"Manchester City","Manchester City","Aston Villa","Sanchez C.","85",""
3408,"Manchester City","Manchester City","Manchester City","Fernandinho","89",""
3409,"Everton","Everton","Everton","McCarthy J.","5",""
3409,"Everton","Everton","Everton","Stones J.","35",""
3409,"Everton","Everton","Everton","Mirallas K.","74",""
3501,"Leicester","Leicester","Leicester","Ulloa L.","1",""
3501,"Leicester","Leicester","Leicester","Morgan W.","17",""
3501,"Leicester","Leicester","Leicester","Ulloa L.","48",""
3502,"West Ham","West Ham","West Ham","Noble M.","24",""
3503,"Swansea","Swansea","Swansea","Montero J.","76",""
3503,"Swansea","Swansea","Swansea","Ki Sung-Yong","90 + 2",""
3504,"Sunderland","Sunderland","Sunderland","Gomez J.","21",""
3504,"Sunderland","Sunderland","Southampton","Mane S.","22",""
3504,"Sunderland","Sunderland","Sunderland","Gomez J.","55",""
3505,"Liverpool","Liverpool","Liverpool","Coutinho","19",""
3505,"Liverpool","Liverpool","QPR","Fer L.","73",""
3505,"Liverpool","Liverpool","Liverpool","Gerrard S.","87",""
3506,"Aston Villa","Aston Villa","Aston Villa","Benteke C.","10",""
3506,"Aston Villa","Aston Villa","Aston Villa","Benteke C.","45",""
3506,"Aston Villa","Aston Villa","Everton","Lukaku R.","59",""
3506,"Aston Villa","Aston Villa","Aston Villa","Cleverley T.","64",""
3506,"Aston Villa","Aston Villa","Everton","Jagielka P.","90 + 2",""
3507,"Manchester United","Manchester United","West Brom","Olsson J.","63",""
3508,"Chelsea","Chelsea","Chelsea","Hazard E.","45",""
3509,"Tottenham","Tottenham","Manchester City","Aguero S.","29",""
3510,"Hull City","Hull City","Arsenal","Sanchez A.","28",""
3510,"Hull City","Hull City","Arsenal","Ramsey A.","33",""
3510,"Hull City","Hull City","Arsenal","Sanchez A.","45 + 1",""
3510,"Hull City","Hull City","Hull City","Quinn S.","56",""
3601,"Everton","Everton","Sunderland","Graham D.","53",""
3601,"Everton","Everton","Sunderland","Defoe J.","85",""
3602,"Stoke City","Stoke City","Stoke City","Adam C.","21",""
3602,"Stoke City","Stoke City","Stoke City","N'Zonzi S.","32",""
3602,"Stoke City","Stoke City","Stoke City","Vertonghen J.","86","OG"
3603,"Newcastle Utd","Newcastle Utd","West Brom","Anichebe V.","32",""
3603,"Newcastle Utd","Newcastle Utd","Newcastle Utd","Perez A.","41",""
3604,"Leicester","Leicester","Leicester","Mahrez R.","7",""
3604,"Leicester","Leicester","Leicester","Mahrez R.","19",""
3605,"Hull City","Hull City","Burnley","Ings D.","62",""
3606,"Aston Villa","Aston Villa","Aston Villa","Cleverley T.","31",""
3607,"Crystal Palace","Crystal Palace","Manchester United","Mata J.","19",""
3607,"Crystal Palace","Crystal Palace","Crystal Palace","Puncheon J.","57",""
3607,"Crystal Palace","Crystal Palace","Manchester United","Fellaini M.","78",""
3608,"Manchester City","Manchester City","Manchester City","Aguero S.","4",""
3608,"Manchester City","Manchester City","Manchester City","Kolarov A.","32",""
3608,"Manchester City","Manchester City","Manchester City","Aguero S.","50",""
3608,"Manchester City","Manchester City","Manchester City","Aguero S.","65",""
3608,"Manchester City","Manchester City","Manchester City","Milner J.","70",""
3608,"Manchester City","Manchester City","Manchester City","Silva D.","87",""
3609,"Chelsea","Chelsea","Chelsea","Terry J.","5",""
3609,"Chelsea","Chelsea","Liverpool","Gerrard S.","44",""
3610,"Arsenal","Arsenal","Swansea","Gomis B.","85",""
3701,"Southampton","Southampton","Southampton","Mane S.","13",""
3701,"Southampton","Southampton","Southampton","Mane S.","14",""
3701,"Southampton","Southampton","Southampton","Mane S.","16",""
3701,"Southampton","Southampton","Southampton","Long S.","26",""
3701,"Southampton","Southampton","Southampton","Long S.","36",""
3701,"Southampton","Southampton","Aston Villa","Benteke C.","45 + 3",""
3701,"Southampton","Southampton","Southampton","Pelle G.","81",""
3702,"West Ham","West Ham","West Ham","Downing S.","62",""
3702,"West Ham","West Ham","Everton","Osman L.","68",""
3702,"West Ham","West Ham","Everton","Lukaku R.","90 + 3",""
3703,"Tottenham","Tottenham","Tottenham","Chadli N.","54",""
3703,"Tottenham","Tottenham","Tottenham","Rose D.","61",""
3705,"QPR","QPR","Newcastle Utd","Riviere E.","24",""
3705,"QPR","QPR","QPR","Phillips M.","54",""
3705,"QPR","QPR","QPR","Fer L.","61",""
3707,"Liverpool","Liverpool","Liverpool","Lallana A.","26",""
3707,"Liverpool","Liverpool","Crystal Palace","Puncheon J.","43",""
3707,"Liverpool","Liverpool","Crystal Palace","Zaha W.","60",""
3707,"Liverpool","Liverpool","Crystal Palace","Murrary G.","90 + 1",""
3708,"Swansea","Swansea","Manchester City","Toure Y.","21",""
3708,"Swansea","Swansea","Manchester City","Milner J.","36",""
3708,"Swansea","Swansea","Swansea","Sigurdsson G.","45",""
3708,"Swansea","Swansea","Swansea","Gomis B.","64",""
3708,"Swansea","Swansea","Manchester City","Toure Y.","74",""
3708,"Swansea","Swansea","Manchester City","Bony W.","90 + 2",""
3709,"Manchester United","Manchester United","Manchester United","Herrera A.","30",""
3709,"Manchester United","Manchester United","Arsenal","Blackett T.","82","OG"
3710,"West Brom","West Brom","West Brom","Berahino S.","9",""
3710,"West Brom","West Brom","West Brom","Berahino S.","47",""
3710,"West Brom","West Brom","West Brom","Brunt C.","60",""
3801,"Stoke City","Stoke City","Stoke City","Diouf M.","22",""
3801,"Stoke City","Stoke City","Stoke City","Diouf M.","26",""
3801,"Stoke City","Stoke City","Stoke City","Walters J.","30",""
3801,"Stoke City","Stoke City","Stoke City","Adam C.","41",""
3801,"Stoke City","Stoke City","Stoke City","N'Zonzi S.","45",""
3801,"Stoke City","Stoke City","Liverpool","Gerrard S.","70",""
3801,"Stoke City","Stoke City","Stoke City","Crouch P.","86",""
3802,"Newcastle Utd","Newcastle Utd","Newcastle Utd","Sissoko M.","54",""
3802,"Newcastle Utd","Newcastle Utd","Newcastle Utd","Gutierrez J.","85",""
3803,"Manchester City","Manchester City","Manchester City","Lampard F.","31",""
3803,"Manchester City","Manchester City","Manchester City","Aguero S.","88",""
3804,"Leicester","Leicester","Leicester","Vardy J.","16",""
3804,"Leicester","Leicester","Leicester","Albrighton M.","43",""
3804,"Leicester","Leicester","Leicester","Ulloa L.","51",""
3804,"Leicester","Leicester","Leicester","Cambiasso E.","52",""
3804,"Leicester","Leicester","QPR","Austin C.","57",""
3804,"Leicester","Leicester","Leicester","Kramaric A.","86",""
3806,"Everton","Everton","Tottenham","Kane H.","24",""
3807,"Crystal Palace","Crystal Palace","Crystal Palace","Chamakh M.","57",""
3808,"Chelsea","Chelsea","Sunderland","Fletcher S.","26",""
3808,"Chelsea","Chelsea","Chelsea","Costa D.","37",""
3808,"Chelsea","Chelsea","Chelsea","Remy L.","70",""
3808,"Chelsea","Chelsea","Chelsea","Remy L.","88",""
3809,"Aston Villa","Aston Villa","Burnley","Ings D.","6",""
3810,"Arsenal","Arsenal","Arsenal","Walcott T.","4",""
3810,"Arsenal","Arsenal","Arsenal","Walcott T.","14",""
3810,"Arsenal","Arsenal","Arsenal","Wilshere J.","17",""
3810,"Arsenal","Arsenal","Arsenal","Walcott T.","37",""
3810,"Arsenal","Arsenal","West Brom","McAuley G.","57",""
